step,loss,train_epe,train_bad1,val_epe,val_bad1,val_bad2,val_d1,val_resize_epe,val_resize_bad1,val_crop_epe,val_crop_bad1,lr,elapsed_s,peak_gb
1,17147.587890625,119.41614532470703,99.60357666015625,124.48590240478515,99.76930973052978,99.53798007965088,97.92539665222168,124.48590240478515,99.76930973052978,117.33623895645141,99.47242443084717,0.00019999999995311938,32.181628465652466,9.468888064
50,6263.536683349609,55.17048280715942,97.5685060119629,,,,,,,,,0.0001999998827984718,46.74391746520996,9.468888064
100,189.893191986084,9.764954319000244,92.39388031005859,,,,,,,,,0.0001999995311941765,61.00193405151367,9.468888064
150,122.27676261901856,7.320560245513916,89.30040466308594,,,,,,,,,0.00019999894518798163,75.38269543647766,9.468888064
200,107.14221672058106,6.6970174026489255,87.6965641784668,,,,,,,,,0.00019999812478133295,89.5612051486969,9.468888064
250,97.79734725952149,6.320762128829956,86.22342727661133,,,,,,,,,0.0001999970699762549,103.72006106376648,9.468888064
300,69.29833827972412,5.060082545280457,81.77899154663086,,,,,,,,,0.00019999578077534998,117.88718914985657,9.468888064
350,87.12933055877686,5.78490864276886,83.9374691772461,,,,,,,,,0.00019999425718179937,132.0405068397522,9.468888064
400,63.09199390411377,4.516025528907776,78.17927474975586,,,,,,,,,0.00019999249919936229,146.1976728439331,9.468888064
450,63.96605606079102,4.583427720069885,78.0445394897461,,,,,,,,,0.00019999050683237632,160.34718775749207,9.468888064
500,55.4007145690918,4.056168503761292,74.6016798400879,,,,,,,,,0.00019998828008575747,174.49517226219177,9.468888064
550,57.109810523986816,4.024015560150146,73.1135154724121,,,,,,,,,0.000199985818965,188.64841437339783,9.468888064
600,53.000055389404295,3.7534500408172606,71.00571472167968,,,,,,,,,0.00019998312347617645,202.79371786117554,9.468888064
650,49.94229698181152,3.6286731719970704,69.11354148864746,,,,,,,,,0.0001999801936259377,216.9505696296692,9.468888064
700,50.736091423034665,3.6732441902160646,68.98040222167968,,,,,,,,,0.00019997702942151286,231.09732222557068,9.468888064
750,43.34985179901123,3.330766897201538,65.54087745666504,,,,,,,,,0.00019997363087070932,245.23506808280945,9.468888064
800,43.94138195037842,3.2666164875030517,64.4603369140625,,,,,,,,,0.00019996999798191278,259.37394762039185,9.468888064
850,40.92297336578369,3.233526749610901,63.554785537719724,,,,,,,,,0.0001999661307640869,273.513475894928,9.468888064
900,39.503177661895755,3.0146493816375735,61.041632080078124,,,,,,,,,0.0001999620292267736,287.64951634407043,9.468888064
950,44.064149684906006,3.251257162094116,62.40485977172852,,,,,,,,,0.00019995769338009326,301.79223132133484,9.468888064
1000,35.93613786697388,2.8396037888526915,58.31673782348633,2.8573706805706025,60.54526140213013,38.43330701351166,21.81760667800903,2.8573706805706025,60.54526140213013,5.17165302157402,73.87664800643921,0.0001999531232347438,327.1729967594147,9.468888064
1050,36.13997476577759,2.750247449874878,56.25144622802734,,,,,,,,,0.00019994831880200173,341.8825249671936,9.468888064
1100,36.1892339515686,2.8873157000541685,57.348502502441406,,,,,,,,,0.00019994328009372171,356.1792097091675,9.468888064
1150,37.982334251403806,2.959055643081665,57.16607048034668,,,,,,,,,0.00019993800712233604,370.2973666191101,9.468888064
1200,34.12882577896118,2.7887842750549314,56.65881141662598,,,,,,,,,0.00019993249990085524,384.41490149497986,9.468888064
1250,38.036566486358645,2.7941651940345764,55.813841018676754,,,,,,,,,0.00019992675844286795,398.53060722351074,9.468888064
1300,32.802229175567625,2.651913199424744,54.5266291809082,,,,,,,,,0.0001999207827625406,412.6493384838104,9.468888064
1350,36.69760454177857,2.81890451669693,55.8966569519043,,,,,,,,,0.00019991457287461755,426.76152992248535,9.468888064
1400,31.89339729309082,2.6201343178749084,53.656116027832034,,,,,,,,,0.00019990812879442106,440.87601804733276,9.468888064
1450,30.36966468811035,2.499110848903656,51.57015998840332,,,,,,,,,0.00019990145053785133,454.9876825809479,9.468888064
1500,27.811923065185546,2.4378353762626648,51.86379783630371,,,,,,,,,0.00019989453812138629,469.09403252601624,9.468888064
1550,32.100772800445554,2.532645230293274,51.41989143371582,,,,,,,,,0.00019988739156208166,483.203736782074,9.468888064
1600,29.8794655418396,2.4654237604141236,50.581310729980466,,,,,,,,,0.00019988001087757078,497.3144416809082,9.468888064
1650,29.351380138397218,2.440380642414093,50.246494674682616,,,,,,,,,0.00019987239608606472,511.44149684906006,9.468888064
1700,32.5612900352478,2.6088470077514647,51.86494956970215,,,,,,,,,0.00019986454720635242,525.5565247535706,9.468888064
1750,26.0325394821167,2.2950713562965395,48.62425537109375,,,,,,,,,0.00019985646425780014,539.6635580062866,9.468888064
1800,29.497025508880615,2.4221608901023863,49.250508880615236,,,,,,,,,0.00019984814726035167,553.7778532505035,9.468888064
1850,28.108125,2.401791412830353,51.105916290283204,,,,,,,,,0.00019983959623452843,567.8953456878662,9.468888064
1900,28.875009689331055,2.5840045619010925,53.607540130615234,,,,,,,,,0.00019983081120142923,582.0344367027283,9.468888064
1950,26.82671329498291,2.287488889694214,47.5272785949707,,,,,,,,,0.00019982179218273023,596.1735420227051,9.468888064
2000,25.88370990753174,2.263403630256653,48.01660781860352,2.225212443470955,48.41368003845215,28.699111003875732,16.788427743911743,2.225212443470955,48.41368003845215,4.148509393930436,65.04791671752929,0.00019981253920068484,621.4901742935181,9.468888064
2050,24.748910884857178,2.216110782623291,47.03995986938477,,,,,,,,,0.00019980305227812424,636.2000985145569,9.468888064
2100,25.41346487045288,2.2444346261024477,46.849800720214844,,,,,,,,,0.00019979333143845614,650.3253169059753,9.468888064
2150,28.169556655883788,2.365727651119232,48.12089248657227,,,,,,,,,0.00019978337670566572,664.6079843044281,9.468888064
2200,25.255166282653807,2.2228562879562377,45.53916023254394,,,,,,,,,0.0001997731881043155,678.7419683933258,9.468888064
2250,24.96917528152466,2.239705352783203,45.921688079833984,,,,,,,,,0.00019976276565954483,692.8724889755249,9.468888064
2300,24.823748607635498,2.203075416088104,45.271553649902344,,,,,,,,,0.0001997521093970699,706.9957990646362,9.468888064
2350,25.375430545806886,2.1949037408828733,44.54562599182129,,,,,,,,,0.00019974121934318418,721.1252796649933,9.468888064
2400,22.27943675041199,2.020227761268616,42.61853210449219,,,,,,,,,0.00019973009552475755,735.2556178569794,9.468888064
2450,22.31705196380615,2.1012475895881653,45.07412490844727,,,,,,,,,0.000199718737969237,749.3801736831665,9.468888064
2500,22.015986824035643,2.076066544055939,44.41272804260254,,,,,,,,,0.00019970714670464635,763.5067081451416,9.468888064
2550,24.580190925598146,2.1823745369911194,45.10810920715332,,,,,,,,,0.00019969532175958567,777.6437518596649,9.468888064
2600,25.150130405426026,2.1469377493858337,43.235264434814454,,,,,,,,,0.00019968326316323196,791.7656462192535,9.468888064
2650,22.17730381011963,2.0881525087356567,43.68620388031006,,,,,,,,,0.00019967097094533863,805.8819644451141,9.468888064
2700,24.388821287155153,2.1229758214950563,42.44035026550293,,,,,,,,,0.0001996584451362354,820.0149340629578,9.468888064
2750,20.312288722991944,2.0287977862358093,43.95530395507812,,,,,,,,,0.00019964568576682858,834.1418776512146,9.468888064
2800,22.21843297958374,2.000069348812103,41.18190956115723,,,,,,,,,0.00019963269286860067,848.2633807659149,9.468888064
2850,21.55146484375,2.0412040424346922,42.45666488647461,,,,,,,,,0.0001996194664736102,862.3806900978088,9.468888064
2900,24.940956039428713,2.1746697425842285,44.02032264709473,,,,,,,,,0.00019960600661449198,876.4928991794586,9.468888064
2950,26.52570203781128,2.178535289764404,43.683162155151365,,,,,,,,,0.00019959231332445705,890.6214544773102,9.468888064
3000,24.87114350318909,2.0825587630271913,41.768603553771975,1.9849041265249252,40.249283742904666,24.0953328704834,15.670699031352997,1.9849041265249252,40.249283742904666,3.8538561832904814,61.598651027679445,0.00019957838663729196,915.9278588294983,9.468888064
3050,25.685011520385743,2.266257791519165,44.62946182250977,,,,,,,,,0.00019956422658735958,930.635223865509,9.468888064
3100,20.051530532836914,1.9351240444183349,41.22194610595703,,,,,,,,,0.00019954983320959839,944.7435464859009,9.468888064
3150,24.858501052856447,2.143182318210602,41.57831016540527,,,,,,,,,0.0001995352065395228,958.8548452854156,9.468888064
3200,21.812611122131347,1.9765230369567872,39.97526844024658,,,,,,,,,0.00019952034661322254,973.1184914112091,9.468888064
3250,22.806803226470947,2.040446798801422,40.06033752441406,,,,,,,,,0.00019950525346736295,987.2356517314911,9.468888064
3300,21.340611419677735,1.9396392905712128,39.60418670654297,,,,,,,,,0.00019948992713918502,1001.3503527641296,9.468888064
3350,20.757679920196534,1.9027509522438049,38.62634464263916,,,,,,,,,0.00019947436766650487,1015.4585571289062,9.468888064
3400,21.667837772369385,1.9705516648292543,40.29525138854981,,,,,,,,,0.00019945857508771395,1029.5761251449585,9.468888064
3450,22.005791969299317,1.9746328282356262,38.8495463180542,,,,,,,,,0.00019944254944177886,1043.694717168808,9.468888064
3500,20.974850053787232,1.9279964613914489,39.09204906463623,,,,,,,,,0.00019942629076824122,1057.819438457489,9.468888064
3550,21.03447500228882,1.9325116395950317,39.827610397338866,,,,,,,,,0.00019940979910721776,1071.9334008693695,9.468888064
3600,17.899303598403932,1.7483007884025574,36.73098747253418,,,,,,,,,0.00019939307449939997,1086.0480816364288,9.468888064
3650,23.390763492584227,2.0254490685462954,38.94432571411133,,,,,,,,,0.0001993761169860542,1100.1582434177399,9.468888064
3700,20.26546989440918,1.934844024181366,38.812797164916994,,,,,,,,,0.00019935892660902143,1114.264122724533,9.468888064
3750,22.986695442199707,2.0112632083892823,40.35766235351562,,,,,,,,,0.0001993415034107172,1128.3862767219543,9.468888064
3800,18.763306894302367,1.8519757103919983,38.62939247131348,,,,,,,,,0.00019932384743413152,1142.5052502155304,9.468888064
3850,20.558123054504396,1.9355233812332153,39.19458843231201,,,,,,,,,0.00019930595872282868,1156.6269817352295,9.468888064
3900,19.73571102142334,1.8726980876922608,38.079614791870114,,,,,,,,,0.00019928783732094745,1170.7518672943115,9.468888064
3950,19.865730171203612,1.857616991996765,38.18394153594971,,,,,,,,,0.0001992694832732004,1184.8584983348846,9.468888064
4000,19.671691255569456,1.8248866844177245,36.753609313964844,1.7333107236027718,36.96864007949829,21.118920862674713,13.334753390550613,1.7333107236027718,36.96864007949829,3.783469894528389,60.9798097038269,0.0001992508966248744,1210.114827632904,9.468888064
4050,19.064928522109984,1.8157983303070069,36.55661998748779,,,,,,,,,0.00019923207742183024,1224.78635597229,9.468888064
4100,19.343332529067993,1.8490349197387694,37.835961532592776,,,,,,,,,0.0001992130257105024,1238.9034583568573,9.468888064
4150,19.834136390686034,1.8256617045402528,36.20042121887207,,,,,,,,,0.0001991937415378991,1253.0239534378052,9.468888064
4200,19.456981143951417,1.8494366931915283,38.021816177368166,,,,,,,,,0.00019917422495160207,1267.1274182796478,9.468888064
4250,18.412471847534178,1.788950433731079,36.22069686889648,,,,,,,,,0.0001991544759997665,1281.3916862010956,9.468888064
4300,17.52741291999817,1.7539743971824646,36.05479522705078,,,,,,,,,0.0001991344947311211,1295.4967832565308,9.468888064
4350,19.13374129295349,1.7872741675376893,36.535068588256834,,,,,,,,,0.0001991142811949675,1309.6249232292175,9.468888064
4400,18.327237005233766,1.7581748402118682,35.49429302215576,,,,,,,,,0.0001990938354411808,1323.7454433441162,9.468888064
4450,18.215985546112062,1.7368553352355958,34.61595863342285,,,,,,,,,0.00019907315752020868,1337.8582084178925,9.468888064
4500,21.768311138153077,1.9204076957702636,36.88529479980469,,,,,,,,,0.00019905224748307195,1351.9630427360535,9.468888064
4550,19.65289701461792,1.8167663550376891,36.09912494659424,,,,,,,,,0.00019903110538136402,1366.0673916339874,9.468888064
4600,19.50333833694458,1.7889699125289917,35.60085033416748,,,,,,,,,0.0001990097312672508,1380.174040555954,9.468888064
4650,15.502658920288086,1.5897377848625183,32.86590335845947,,,,,,,,,0.00019898812519347095,1394.2704319953918,9.468888064
4700,18.83834246635437,1.7835135340690613,35.69514793395996,,,,,,,,,0.0001989662872133354,1408.3883905410767,9.468888064
4750,18.711231813430786,1.805345059633255,35.87325038909912,,,,,,,,,0.00019894421738072713,1422.5037231445312,9.468888064
4800,19.030081939697265,1.807374231815338,36.26971809387207,,,,,,,,,0.000198921915750101,1436.6086614131927,9.468888064
4850,19.829120597839356,1.7948961997032165,35.45349746704102,,,,,,,,,0.0001988993823764844,1450.7121222019196,9.468888064
4900,18.960075721740722,1.7821348190307618,35.33214942932129,,,,,,,,,0.00019887661731547596,1464.8500711917877,9.468888064
4950,20.062292098999023,1.8203021419048309,36.32173065185547,,,,,,,,,0.0001988536206232462,1478.9728548526764,9.468888064
5000,18.2377472114563,1.8006988954544068,37.61126949310303,1.592092263698578,32.44791277885437,18.99271045923233,12.343422437906264,1.592092263698578,32.44791277885437,3.4716444426774977,55.99756252288818,0.00019883039235653736,1504.2751128673553,9.468888064
5050,18.62327097892761,1.811802432537079,36.81581413269043,,,,,,,,,0.0001988069325726627,1518.9819395542145,9.468888064
5100,15.591835699081422,1.6133447647094727,33.644604225158695,,,,,,,,,0.00019878324132950703,1533.082362651825,9.468888064
5150,17.9874054145813,1.6968541550636291,34.30159507751465,,,,,,,,,0.00019875931868552617,1547.1997113227844,9.468888064
5200,19.360920429229736,1.7641983580589295,34.87675552368164,,,,,,,,,0.00019873516469974677,1561.317292690277,9.468888064
5250,17.903727378845215,1.7061037373542787,34.77116542816162,,,,,,,,,0.0001987107794317663,1575.406047821045,9.468888064
5300,16.58719906806946,1.6861225366592407,34.86410949707031,,,,,,,,,0.00019868616294175322,1589.647075176239,9.468888064
5350,18.064765243530275,1.7266432642936707,34.675050811767576,,,,,,,,,0.00019866131529044616,1603.7569897174835,9.468888064
5400,20.420629692077636,1.8423566555976867,35.81267673492432,,,,,,,,,0.0001986362365391541,1617.8631503582,9.468888064
5450,17.04124915122986,1.7155248284339906,34.61025619506836,,,,,,,,,0.00019861092674975652,1631.9671442508698,9.468888064
5500,18.2573849773407,1.7500354504585267,34.80637424468994,,,,,,,,,0.0001985853859847029,1646.0725991725922,9.468888064
5550,17.105485191345213,1.6532941365242004,33.33839126586914,,,,,,,,,0.00019855961430701238,1660.1695535182953,9.468888064
5600,17.069477863311768,1.687704039812088,34.35023582458496,,,,,,,,,0.0001985336117802738,1674.270369052887,9.468888064
5650,16.15713525772095,1.6393991541862487,33.750529251098634,,,,,,,,,0.00019850737846864618,1688.3695006370544,9.468888064
5700,14.735090789794922,1.5312454831600188,31.755456581115723,,,,,,,,,0.00019848091443685746,1702.4695949554443,9.468888064
5750,14.882495574951172,1.5609782147407532,32.699285697937015,,,,,,,,,0.00019845421975020502,1716.5602746009827,9.468888064
5800,16.83691774368286,1.6484638142585755,33.466563034057614,,,,,,,,,0.0001984272944745555,1730.6591138839722,9.468888064
5850,16.810390148162842,1.6639687466621398,33.78587863922119,,,,,,,,,0.000198400138676344,1744.7799220085144,9.468888064
5900,19.364065446853637,1.727586932182312,32.78559375762939,,,,,,,,,0.00019837275242257508,1758.8817656040192,9.468888064
5950,18.98205132484436,1.755621416568756,34.09181129455566,,,,,,,,,0.00019834513578082137,1772.9824001789093,9.468888064
6000,16.957307405471802,1.6508204817771912,33.30376979827881,1.5948265835642814,33.73995765209198,19.364652597904204,12.104286717176437,1.5948265835642814,33.73995765209198,3.6510381066799162,55.82380361557007,0.00019831728881922447,1798.2745378017426,9.468888064
6050,19.006959257125853,1.786740849018097,34.73337409973144,,,,,,,,,0.00019828921160649373,1812.9423546791077,9.468888064
6100,14.992296333312987,1.5609195494651795,32.85179851531982,,,,,,,,,0.00019826090421190697,1827.0598607063293,9.468888064
6150,16.06490601539612,1.5837734866142272,32.43521125793457,,,,,,,,,0.00019823236670530974,1841.1588869094849,9.468888064
6200,17.07681523323059,1.6364577460289,32.37585666656494,,,,,,,,,0.00019820359915711573,1855.2603356838226,9.468888064
6250,18.73382381439209,1.780248954296112,34.73326244354248,,,,,,,,,0.00019817460163830592,1869.3671686649323,9.468888064
6300,17.31448850631714,1.6423784065246583,33.043892555236816,,,,,,,,,0.0001981453742204288,1883.4722473621368,9.468888064
6350,16.696535749435427,1.6616813015937806,33.72819232940674,,,,,,,,,0.0001981159169756,1897.7329263687134,9.468888064
6400,17.25905954360962,1.6954073119163513,33.74853733062744,,,,,,,,,0.00019808622997650248,1911.8436772823334,9.468888064
6450,17.197285594940187,1.6947946619987488,33.75023769378662,,,,,,,,,0.00019805631329638593,1925.941412448883,9.468888064
6500,15.086912364959717,1.5617211270332336,32.64503562927246,,,,,,,,,0.00019802616700906683,1940.0372276306152,9.468888064
6550,16.607522087097166,1.6441699075698852,33.5468628692627,,,,,,,,,0.00019799579118892795,1954.1422152519226,9.468888064
6600,17.38590004444122,1.6233641958236695,31.682653770446777,,,,,,,,,0.00019796518591091875,1968.2451872825623,9.468888064
6650,16.727181215286254,1.6349684596061707,33.037859992980955,,,,,,,,,0.00019793435125055493,1982.3498106002808,9.468888064
6700,14.89870057106018,1.5264013481140137,31.202710037231444,,,,,,,,,0.00019790328728391753,1996.446926832199,9.468888064
6750,14.314001274108886,1.472747766971588,30.132067565917968,,,,,,,,,0.00019787199408765412,2010.5687520503998,9.468888064
6800,17.29275686264038,1.6847143602371215,33.23403923034668,,,,,,,,,0.00019784047173897743,2024.6998212337494,9.468888064
6850,15.529230699539184,1.5809998416900635,32.542802009582516,,,,,,,,,0.00019780872031566562,2038.8155987262726,9.468888064
6900,15.23816083908081,1.5517437195777892,32.07404792785645,,,,,,,,,0.0001977767398960624,2052.9338669776917,9.468888064
6950,17.416703119277955,1.6881601071357728,33.636500701904296,,,,,,,,,0.000197744530559076,2067.0559763908386,9.468888064
7000,15.077424449920654,1.5316069221496582,31.00841697692871,1.5216496413946152,33.81876024723053,18.558099427223205,11.435111471414565,1.5216496413946152,33.81876024723053,3.722952575683594,56.160315113067625,0.00019771209238418,2092.359603881836,9.468888064
7050,16.538557443618775,1.6259432721138,32.48001525878906,,,,,,,,,0.00019767942545141228,2107.0538141727448,9.468888064
7100,14.661352682113648,1.5435840857028962,32.6728963470459,,,,,,,,,0.00019764652984137523,2121.1551179885864,9.468888064
7150,17.205409154891967,1.6635119819641113,32.84192077636719,,,,,,,,,0.00019761340563523544,2135.2562458515167,9.468888064
7200,15.406260843276977,1.5598875761032105,31.89433609008789,,,,,,,,,0.00019758005291472367,2149.3675248622894,9.468888064
7250,15.37570281982422,1.5770063591003418,32.10254512786865,,,,,,,,,0.00019754647176213448,2163.4843277931213,9.468888064
7300,16.007192974090575,1.6057009863853455,32.502317390441895,,,,,,,,,0.000197512662260326,2177.6023750305176,9.468888064
7350,17.213208141326906,1.6347144305706025,31.633996734619142,,,,,,,,,0.00019747862449271978,2191.7211644649506,9.468888064
7400,15.442325277328491,1.545806463956833,31.093808784484864,,,,,,,,,0.00019744435854330075,2205.992115497589,9.468888064
7450,16.285701303482057,1.6022948229312897,31.605568351745607,,,,,,,,,0.00019740986449661653,2220.1123695373535,9.468888064
7500,15.952025861740113,1.610580804347992,32.8116312789917,,,,,,,,,0.00019737514243777798,2234.2321820259094,9.468888064
7550,15.844883632659911,1.5994240736961365,32.63057441711426,,,,,,,,,0.0001973401924524581,2248.3446249961853,9.468888064
7600,14.006746892929078,1.479098491668701,30.443815116882323,,,,,,,,,0.00019730501462689257,2262.4598162174225,9.468888064
7650,15.600050802230834,1.574527187347412,32.053397521972656,,,,,,,,,0.00019726960904787932,2276.578315258026,9.468888064
7700,13.351950645446777,1.4686119186878204,31.154372138977052,,,,,,,,,0.00019723397580277802,2290.687971353531,9.468888064
7750,14.841688537597657,1.5049710500240325,30.458420906066895,,,,,,,,,0.00019719811497951014,2304.804908514023,9.468888064
7800,15.204347257614137,1.536846866607666,30.61242057800293,,,,,,,,,0.00019716202666655855,2318.925149679184,9.468888064
7850,17.156801948547365,1.6817707920074463,33.36145259857178,,,,,,,,,0.00019712571095296795,2333.056375980377,9.468888064
7900,15.546703281402587,1.6301258039474487,33.50843307495117,,,,,,,,,0.0001970891679283433,2347.179983854294,9.468888064
7950,14.71071005821228,1.4761823344230651,29.328930931091307,,,,,,,,,0.00019705239768285116,2361.298103094101,9.468888064
8000,15.298787841796875,1.5354566836357117,31.399058265686037,1.4652237299084663,29.780735201835633,17.753438317775725,11.486991304159165,1.4652237299084663,29.780735201835633,3.74396005153656,59.202256259918215,0.00019701540030721848,2386.597904920578,9.468888064
8050,15.398052988052369,1.5480578100681306,31.377089347839355,,,,,,,,,0.00019697817589273245,2401.2928817272186,9.468888064
8100,14.885016918182373,1.5368839752674104,30.559714584350587,,,,,,,,,0.00019694072453124077,2415.402458190918,9.468888064
8150,15.607438850402833,1.5456840121746063,30.00654899597168,,,,,,,,,0.0001969030463151508,2429.506161212921,9.468888064
8200,16.521720714569092,1.5587553346157075,30.39739990234375,,,,,,,,,0.00019686514133742986,2443.619638442993,9.468888064
8250,16.94910529136658,1.6348071694374084,31.7705424118042,,,,,,,,,0.00019682700969160473,2457.7542476654053,9.468888064
8300,15.185022373199462,1.5931575989723206,32.73157978057861,,,,,,,,,0.0001967886514717614,2471.8819444179535,9.468888064
8350,16.510581130981446,1.605100520849228,32.54998359680176,,,,,,,,,0.00019675006677254497,2485.992884874344,9.468888064
8400,14.126451463699341,1.4320254707336426,29.206870460510252,,,,,,,,,0.00019671125568915946,2500.1032795906067,9.468888064
8450,15.08289231300354,1.5007805955410003,30.427673416137694,,,,,,,,,0.0001966722183173673,2514.3432896137238,9.468888064
8500,15.406547470092773,1.5649807715415955,31.534790229797363,,,,,,,,,0.0001966329547534892,2528.454058408737,9.468888064
8550,17.37879919052124,1.6164341723918916,31.377319374084472,,,,,,,,,0.00019659346509440427,2542.57128238678,9.468888064
8600,15.572261190414428,1.5246692669391633,29.90346897125244,,,,,,,,,0.00019655374943754926,2556.696978330612,9.468888064
8650,15.8351904296875,1.5705980479717254,30.982582778930663,,,,,,,,,0.0001965138078809187,2570.837372779846,9.468888064
8700,13.545740823745728,1.459309560060501,30.280315971374513,,,,,,,,,0.00019647364052306418,2584.9443879127502,9.468888064
8750,14.546236305236816,1.4909113585948943,30.306811714172362,,,,,,,,,0.00019643324746309476,2599.0892169475555,9.468888064
8800,13.949750862121583,1.4762612235546113,30.120912551879883,,,,,,,,,0.00019639262880067642,2613.219785451889,9.468888064
8850,13.997307596206666,1.470088232755661,29.82943923950195,,,,,,,,,0.00019635178463603162,2627.3333671092987,9.468888064
8900,13.544337673187256,1.433279128074646,29.691086959838866,,,,,,,,,0.0001963107150699394,2641.4462637901306,9.468888064
8950,15.290519676208497,1.4966348361968995,29.613073768615724,,,,,,,,,0.0001962694202037345,2655.5537111759186,9.468888064
9000,16.014718141555786,1.5845238065719605,31.26244915008545,1.4142852583527565,28.15730188369751,16.809800182580947,11.042863028049469,1.4142852583527565,28.15730188369751,3.5204440224170686,54.831709709167484,0.00019622790013930802,2680.861575126648,9.468888064
9050,15.441150159835816,1.5344789659976958,30.060086936950682,,,,,,,,,0.00019618615497910656,2695.545969247818,9.468888064
9100,15.204942197799683,1.576987693309784,32.4454468536377,,,,,,,,,0.00019614418482613238,2709.6587014198303,9.468888064
9150,13.76050012588501,1.4313338136672973,29.306465759277344,,,,,,,,,0.0001961019897839426,2723.7610778808594,9.468888064
9200,14.606980857849122,1.5374739289283752,30.957167739868165,,,,,,,,,0.00019605956995664907,2737.873945951462,9.468888064
9250,14.80112229347229,1.5249958837032318,31.030446395874023,,,,,,,,,0.00019601692544891864,2751.9947679042816,9.468888064
9300,14.437422351837158,1.4787004244327546,29.99343036651611,,,,,,,,,0.0001959740563659725,2766.114331483841,9.468888064
9350,14.258356676101684,1.4737040901184082,29.661128845214844,,,,,,,,,0.00019593096281358583,2780.2248299121857,9.468888064
9400,14.14577278137207,1.4365698623657226,28.600994834899904,,,,,,,,,0.0001958876448980875,2794.3421478271484,9.468888064
9450,15.699585437774658,1.564475018978119,30.922288131713866,,,,,,,,,0.0001958441027263602,2808.457216501236,9.468888064
9500,16.214950857162474,1.5993103551864625,30.80811954498291,,,,,,,,,0.00019580033640583997,2822.7190086841583,9.468888064
9550,15.41687889099121,1.5284739077091216,29.928491554260255,,,,,,,,,0.00019575634604451585,2836.8284862041473,9.468888064
9600,14.984068059921265,1.4916871106624603,29.427065200805664,,,,,,,,,0.00019571213175092976,2850.936184167862,9.468888064
9650,13.697828712463378,1.4626315128803253,30.227248306274415,,,,,,,,,0.00019566769363417596,2865.0717322826385,9.468888064
9700,16.05227352142334,1.553778430223465,30.420530090332033,,,,,,,,,0.00019562303180390114,2879.179896593094,9.468888064
9750,14.47646954536438,1.4730700027942658,29.424924850463867,,,,,,,,,0.00019557814637030386,2893.28963303566,9.468888064
9800,15.099302263259888,1.5187807881832123,30.33859878540039,,,,,,,,,0.00019553303744413453,2907.4051892757416,9.468888064
9850,15.176065034866333,1.4882256555557252,29.51036392211914,,,,,,,,,0.00019548770513669493,2921.530869245529,9.468888064
9900,13.922885389328004,1.487895106077194,29.956007957458496,,,,,,,,,0.0001954421495598381,2935.639450788498,9.468888064
9950,15.265364599227905,1.505543074607849,29.61238384246826,,,,,,,,,0.00019539637082596772,2949.7439935207367,9.468888064
10000,13.008317365646363,1.4537418615818023,30.884169540405274,1.4026236954331397,29.238446073532103,17.16428835749626,10.992150886654853,1.4026236954331397,29.238446073532103,3.220619111061096,51.445563106536866,0.00019535036904803844,2975.090656042099,9.468888064
10050,13.403709239959717,1.4310748493671417,29.349434661865235,,,,,,,,,0.00019530414433955505,2989.814255952835,9.468888064
10100,14.627344961166381,1.4944807994365692,29.546799850463866,,,,,,,,,0.0001952576968145723,3003.943380355835,9.468888064
10150,14.776072387695313,1.5071449315547942,30.009090232849122,,,,,,,,,0.000195211026587695,3018.066927433014,9.468888064
10200,12.257175750732422,1.3583166813850402,28.498132514953614,,,,,,,,,0.0001951641337740769,3032.184634447098,9.468888064
10250,13.676265926361085,1.4342548620700837,29.68677173614502,,,,,,,,,0.00019511701848942174,3046.296106815338,9.468888064
10300,13.111002950668334,1.3769782018661498,27.77094512939453,,,,,,,,,0.00019506968084998186,3060.4288868904114,9.468888064
10350,14.674520797729492,1.4631130075454712,28.74201477050781,,,,,,,,,0.00019502212097255808,3074.555561542511,9.468888064
10400,15.093486776351929,1.4896339225769042,29.662703437805177,,,,,,,,,0.00019497433897449942,3088.6723248958588,9.468888064
10450,13.795007829666138,1.4542529010772705,29.9191304397583,,,,,,,,,0.00019492633497370367,3102.78590464592,9.468888064
10500,14.011601896286011,1.4337216222286224,28.409269218444823,,,,,,,,,0.00019487810908861558,3116.8898315429688,9.468888064
10550,14.80774305343628,1.490378077030182,29.574582977294924,,,,,,,,,0.00019482966143822777,3131.1671311855316,9.468888064
10600,15.210320034027099,1.520642499923706,30.203989524841308,,,,,,,,,0.00019478099214208006,3145.2804329395294,9.468888064
10650,12.057216262817382,1.3525736916065216,27.87175277709961,,,,,,,,,0.00019473210132025913,3159.4011850357056,9.468888064
10700,13.898745784759521,1.4625797200202941,29.990108070373534,,,,,,,,,0.00019468298909339833,3173.5082783699036,9.468888064
10750,14.304409828186035,1.4747908210754395,29.96799732208252,,,,,,,,,0.00019463365558267698,3187.6198437213898,9.468888064
10800,13.902376489639282,1.492347047328949,30.73621025085449,,,,,,,,,0.00019458410090982076,3201.727712392807,9.468888064
10850,13.862981719970703,1.4100074303150176,28.227004203796387,,,,,,,,,0.00019453432519710083,3215.8817751407623,9.468888064
10900,15.062988300323486,1.4946908497810363,29.149186210632323,,,,,,,,,0.00019448432856733377,3230.018413543701,9.468888064
10950,13.595908737182617,1.4151701414585114,28.750337982177733,,,,,,,,,0.0001944341111438814,3244.1281900405884,9.468888064
11000,14.010205945968629,1.4792301428318024,29.542318000793458,1.3734304201602936,27.99481204032898,16.605930581092835,10.809686287045478,1.3734304201602936,27.99481204032898,3.461213509440422,53.94288913726807,0.00019438367305065014,3269.428070306778,9.468888064
11050,15.661573448181151,1.4900334334373475,28.977156791687012,,,,,,,,,0.00019433301441209103,3284.11239695549,9.468888064
11100,13.05758734703064,1.4069499707221984,29.033587760925293,,,,,,,,,0.0001942821353531992,3298.223133802414,9.468888064
11150,14.86081428527832,1.466061006784439,29.036552200317384,,,,,,,,,0.00019423103599951354,3312.3365626335144,9.468888064
11200,12.384787006378174,1.350367591381073,28.12505474090576,,,,,,,,,0.00019417971647711692,3326.445366382599,9.468888064
11250,12.471576194763184,1.3503350162506103,27.016935119628908,,,,,,,,,0.0001941281769126349,3340.5476632118225,9.468888064
11300,13.808983373641968,1.431613539457321,28.892344093322755,,,,,,,,,0.00019407641743323617,3354.6640870571136,9.468888064
11350,13.122403898239135,1.4062062454223634,28.619158897399902,,,,,,,,,0.00019402443816663245,3368.773108482361,9.468888064
11400,13.791342658996582,1.4121885251998902,28.477063064575194,,,,,,,,,0.00019397223924107708,3382.885396003723,9.468888064
11450,14.733048572540284,1.469410171508789,28.712581825256347,,,,,,,,,0.00019391982078536602,3396.9937484264374,9.468888064
11500,13.674334640502929,1.4287089753150939,28.8464070892334,,,,,,,,,0.00019386718292883632,3411.11798787117,9.468888064
11550,14.041792469024658,1.440062654018402,28.922747802734374,,,,,,,,,0.0001938143258013667,3425.255512714386,9.468888064
11600,14.122942485809325,1.443863410949707,28.290624885559083,,,,,,,,,0.00019376124953337707,3439.5259454250336,9.468888064
11650,13.612796010971069,1.4385239207744598,29.507021102905274,,,,,,,,,0.00019370795425582764,3453.6479136943817,9.468888064
11700,14.558018264770508,1.4511920094490052,28.210554847717287,,,,,,,,,0.00019365444010021926,3467.7600803375244,9.468888064
11750,14.689927959442139,1.5001561343669891,30.092234268188477,,,,,,,,,0.00019360070719859286,3481.871908426285,9.468888064
11800,13.997557210922242,1.4346339726448059,28.948461837768555,,,,,,,,,0.000193546755683529,3495.98166847229,9.468888064
11850,15.876421842575073,1.5004376316070556,28.828930740356444,,,,,,,,,0.0001934925856881476,3510.0959057807922,9.468888064
11900,12.237838430404663,1.3525115942955017,28.504976539611818,,,,,,,,,0.0001934381973461078,3524.200108528137,9.468888064
11950,12.065074520111084,1.3268696880340576,27.42629806518555,,,,,,,,,0.0001933835907916074,3538.305247783661,9.468888064
12000,12.407373743057251,1.3500202703475952,27.561629371643065,1.375813318490982,28.94627483844757,17.473044797182084,11.126375311613083,1.375813318490982,28.94627483844757,3.5449337553977966,55.325227890014645,0.0001933287661593827,3563.625103712082,9.468888064
12050,14.178398609161377,1.4686707055568695,29.207438468933105,,,,,,,,,0.00019327372358470812,3578.3083567619324,9.468888064
12100,13.819944219589233,1.436727705001831,29.03241771697998,,,,,,,,,0.00019321846320339547,3592.4199633598328,9.468888064
12150,13.372848377227783,1.4293026292324067,28.76192428588867,,,,,,,,,0.00019316298515179454,3606.53151512146,9.468888064
12200,12.100048599243165,1.312307060956955,27.094944343566894,,,,,,,,,0.00019310728956679172,3620.640082836151,9.468888064
12250,14.891764297485352,1.4784194505214692,28.89266159057617,,,,,,,,,0.00019305137658581035,3634.758779525757,9.468888064
12300,13.763055963516235,1.4464281976222992,28.460634231567383,,,,,,,,,0.00019299524634681036,3648.872704744339,9.468888064
12350,13.460112752914428,1.3905163991451264,28.249458847045897,,,,,,,,,0.00019293889898828722,3662.9814932346344,9.468888064
12400,12.809413356781006,1.3765804529190064,28.219535446166994,,,,,,,,,0.00019288233464927253,3677.098457336426,9.468888064
12450,13.611278429031373,1.4517891800403595,29.674996109008788,,,,,,,,,0.0001928255534693334,3691.2293088436127,9.468888064
12500,13.233267259597778,1.363415093421936,27.54856990814209,,,,,,,,,0.0001927685555885714,3705.3486206531525,9.468888064
12550,13.709780025482178,1.4308699452877045,28.747934799194336,,,,,,,,,0.00019271134114762334,3719.4763567447662,9.468888064
12600,13.410615396499633,1.3625611436367036,27.116359481811525,,,,,,,,,0.00019265391028766015,3733.586580991745,9.468888064
12650,14.464983806610107,1.4608173501491546,28.924601211547852,,,,,,,,,0.00019259626315038653,3747.856526374817,9.468888064
12700,13.216429901123046,1.407153867483139,28.730019302368163,,,,,,,,,0.00019253839987804156,3761.9664947986603,9.468888064
12750,14.650058736801148,1.4485518717765808,28.178391571044923,,,,,,,,,0.00019248032061339662,3776.078894138336,9.468888064
12800,12.395582895278931,1.3078265702724456,26.812540740966796,,,,,,,,,0.0001924220254997568,3790.182249069214,9.468888064
12850,13.939504652023315,1.4252344131469727,28.53296318054199,,,,,,,,,0.00019236351468095942,3804.298413038254,9.468888064
12900,12.534173860549927,1.3479897105693817,27.43492027282715,,,,,,,,,0.00019230478830137415,3818.4096217155457,9.468888064
12950,12.212375440597533,1.3501173484325408,27.880208435058595,,,,,,,,,0.0001922458465059024,3832.518983602524,9.468888064
13000,12.794962663650512,1.3391429233551024,27.27173858642578,1.334207960218191,27.493257460594176,15.970764096975326,10.437432883381843,1.334207960218191,27.493257460594176,3.435686789751053,54.50350971221924,0.00019218668943997717,3857.851726770401,9.468888064
13050,13.124667100906372,1.401409169435501,28.16948848724365,,,,,,,,,0.00019212731724956288,3872.5229737758636,9.468888064
13100,11.693762254714965,1.3024459517002105,27.165342254638674,,,,,,,,,0.00019206773008115452,3886.6228902339935,9.468888064
13150,13.640954818725586,1.4254010450839996,28.406724128723145,,,,,,,,,0.00019200792808177707,3900.730734348297,9.468888064
13200,13.640045652389526,1.400600094795227,27.985174560546874,,,,,,,,,0.00019194791139898637,3914.849068880081,9.468888064
13250,12.691211471557617,1.3667165124416352,28.025533180236817,,,,,,,,,0.00019188768018086745,3928.961557865143,9.468888064
13300,13.828164587020874,1.4039395189285278,27.882769775390624,,,,,,,,,0.00019182723457603494,3943.0745420455933,9.468888064
13350,14.407423067092896,1.4520438742637634,28.754321212768556,,,,,,,,,0.0001917665747336324,3957.183870077133,9.468888064
13400,14.15102861404419,1.4417724287509919,28.125042724609376,,,,,,,,,0.00019170570080333192,3971.295700788498,9.468888064
13450,12.932033109664918,1.3963111281394958,28.77016399383545,,,,,,,,,0.0001916446129353339,3985.4021124839783,9.468888064
13500,14.093705167770386,1.389466222524643,27.548667602539062,,,,,,,,,0.0001915833112803666,3999.517657518387,9.468888064
13550,12.00272603034973,1.3197227132320404,27.460241737365724,,,,,,,,,0.00019152179598968562,4013.6258804798126,9.468888064
13600,13.687805938720704,1.4208742880821228,28.59308044433594,,,,,,,,,0.00019146006721507407,4027.7344007492065,9.468888064
13650,12.989599027633666,1.3607876753807069,27.374230995178223,,,,,,,,,0.00019139812510884124,4041.846046924591,9.468888064
13700,12.690487871170044,1.3473944580554962,27.585363883972168,,,,,,,,,0.00019133596982382327,4056.101833343506,9.468888064
13750,13.007196588516235,1.384929895401001,27.551349067687987,,,,,,,,,0.00019127360151338215,4070.2046480178833,9.468888064
13800,14.54684310913086,1.454372718334198,28.611440086364745,,,,,,,,,0.00019121102033140547,4084.3039615154266,9.468888064
13850,14.78297122001648,1.470205363035202,28.73975830078125,,,,,,,,,0.00019114822643230613,4098.409887075424,9.468888064
13900,12.086558609008788,1.32855642080307,27.11606643676758,,,,,,,,,0.00019108521997102186,4112.518830537796,9.468888064
13950,13.080737009048462,1.3784611558914184,28.276794395446778,,,,,,,,,0.00019102200110301468,4126.624168872833,9.468888064
14000,12.797095403671264,1.377277158498764,28.086373023986816,1.2802456299960614,26.04640097618103,15.498209601640701,10.07521973848343,1.2802456299960614,26.04640097618103,3.454058816432953,55.0584430885315,0.00019095856998427107,4151.938938617706,9.468888064
14050,13.612074880599975,1.3887820780277251,27.202941856384278,,,,,,,,,0.00019089492677130092,4166.614399909973,9.468888064
14100,13.704414186477662,1.4041308748722077,27.841754188537596,,,,,,,,,0.00019083107162113746,4180.722211837769,9.468888064
14150,13.794062929153442,1.3778600466251374,27.435093269348144,,,,,,,,,0.00019076700469133703,4194.86211681366,9.468888064
14200,12.14945806503296,1.3474270284175873,27.65791603088379,,,,,,,,,0.0001907027261399784,4208.976464986801,9.468888064
14250,14.741920623779297,1.440956335067749,28.022829246520995,,,,,,,,,0.0001906382361256626,4223.106507539749,9.468888064
14300,12.467899827957153,1.32441761136055,27.104880752563478,,,,,,,,,0.00019057353480751198,4237.2169415950775,9.468888064
14350,10.941087694168091,1.2418556118011475,25.6598225402832,,,,,,,,,0.00019050862234517093,4251.321043014526,9.468888064
14400,13.06257417678833,1.4013038682937622,28.28024299621582,,,,,,,,,0.00019044349889880448,4265.438504695892,9.468888064
14450,11.558613119125367,1.2841414189338685,26.404870834350586,,,,,,,,,0.00019037816462909806,4279.546603441238,9.468888064
14500,12.601789574623108,1.3135683310031891,26.754610443115233,,,,,,,,,0.00019031261969725753,4293.658371686935,9.468888064
14550,13.1542080783844,1.366761691570282,27.40985721588135,,,,,,,,,0.00019024686426500863,4307.776754140854,9.468888064
14600,10.635534086227416,1.2155444431304931,25.364776611328125,,,,,,,,,0.0001901808984945963,4321.879248857498,9.468888064
14650,12.147344999313354,1.2941527593135833,26.384767723083495,,,,,,,,,0.00019011472254878444,4335.988797903061,9.468888064
14700,14.00527777671814,1.4201244771480561,27.937564849853516,,,,,,,,,0.0001900483365908558,4350.095320701599,9.468888064
14750,14.317898750305176,1.438722426891327,28.55094985961914,,,,,,,,,0.0001899817407846111,4364.357810258865,9.468888064
14800,13.393486776351928,1.379826625585556,27.28854568481445,,,,,,,,,0.0001899149352943689,4378.472700834274,9.468888064
14850,14.09340606689453,1.3943197548389434,26.920499687194823,,,,,,,,,0.00018984792028496484,4392.585399389267,9.468888064
14900,12.135014781951904,1.301082935333252,26.59247034072876,,,,,,,,,0.00018978069592175204,4406.69177365303,9.468888064
14950,13.178061647415161,1.3698923420906066,27.2936340713501,,,,,,,,,0.00018971326237059982,4420.814053297043,9.468888064
15000,14.318770294189454,1.4334854924678802,28.310239753723145,1.3050181664526463,26.157869443893432,15.651385533809663,10.23919882953167,1.3050181664526463,26.157869443893432,3.5098391246795653,54.78295091629028,0.00018964561979789376,4446.096528530121,9.468888064
15050,14.042708902359008,1.4200786745548248,27.831491966247558,,,,,,,,,0.00018957776837053524,4460.818099021912,9.468888064
15100,12.56691686630249,1.3468373489379883,27.67044868469238,,,,,,,,,0.00018950970825594082,4474.932516813278,9.468888064
15150,11.473432221412658,1.2632499635219574,25.544128608703613,,,,,,,,,0.00018944143962204237,4489.029426336288,9.468888064
15200,11.695057735443115,1.2820878648757934,26.285182876586916,,,,,,,,,0.0001893729626372856,4503.131293773651,9.468888064
15250,12.684644451141358,1.2996873843669892,25.972979698181152,,,,,,,,,0.00018930427747063078,4517.237983226776,9.468888064
15300,14.8211403465271,1.4723060810565949,28.784348602294923,,,,,,,,,0.0001892353842915516,4531.348610401154,9.468888064
15350,13.117054252624511,1.3651465272903442,26.907600975036623,,,,,,,,,0.00018916628327003527,4545.468239307404,9.468888064
15400,11.680757942199707,1.2834773862361908,26.77426544189453,,,,,,,,,0.0001890969745765817,4559.578050374985,9.468888064
15450,11.53327649116516,1.2598693943023682,26.132714881896973,,,,,,,,,0.00018902745838220327,4573.676700592041,9.468888064
15500,12.320800037384034,1.3091323387622833,26.216538543701173,,,,,,,,,0.00018895773485842426,4587.776393175125,9.468888064
15550,10.815820302963257,1.230170236825943,25.731919250488282,,,,,,,,,0.00018888780417728048,4601.8752784729,9.468888064
15600,12.876801023483276,1.337327357530594,26.583286590576172,,,,,,,,,0.00018881766651131882,4615.980469465256,9.468888064
15650,11.382490005493164,1.277858978509903,26.633469581604004,,,,,,,,,0.0001887473220335973,4630.091722488403,9.468888064
15700,13.043611640930175,1.3885339868068696,28.238262939453126,,,,,,,,,0.0001886767709176837,4644.200749158859,9.468888064
15750,11.537184343338012,1.2998057508468628,26.185438995361327,,,,,,,,,0.0001886060133376559,4658.302543640137,9.468888064
15800,14.185258817672729,1.4360154902935027,28.374827136993407,,,,,,,,,0.00018853504946810117,4672.556396245956,9.468888064
15850,12.132111654281616,1.3082624769210816,26.38104667663574,,,,,,,,,0.0001884638794841159,4686.654171466827,9.468888064
15900,12.304093408584595,1.3009520041942597,26.28022861480713,,,,,,,,,0.00018839250356130502,4700.7535083293915,9.468888064
15950,12.882816390991211,1.3427032339572906,27.031730155944825,,,,,,,,,0.00018832092187578124,4714.859592914581,9.468888064
16000,11.322883129119873,1.252253794670105,25.996692085266112,1.2445249056816101,25.036623301506044,14.860241705179215,9.638161224722863,1.2445249056816101,25.036623301506044,3.6785281229019167,56.149995765686036,0.00018824913460416536,4740.196360111237,9.468888064
16050,12.009545497894287,1.2881491446495057,26.38520935058594,,,,,,,,,0.00018817714192358544,4754.868939638138,9.468888064
16100,12.853032846450805,1.2987404596805572,25.805358810424806,,,,,,,,,0.00018810494401167628,4768.9715049266815,9.468888064
16150,12.376537690162658,1.33064648270607,26.838873081207275,,,,,,,,,0.00018803254104657896,4783.0689868927,9.468888064
16200,12.36278480052948,1.29292422413826,25.903338623046874,,,,,,,,,0.00018795993320694062,4797.169232845306,9.468888064
16250,12.281004734039307,1.3351323175430299,27.22376091003418,,,,,,,,,0.00018788712067191397,4811.266739368439,9.468888064
16300,12.229265642166137,1.307528978586197,26.613641567230225,,,,,,,,,0.00018781410362115662,4825.3772711753845,9.468888064
16350,11.788258075714111,1.3137485373020172,26.76257141113281,,,,,,,,,0.00018774088223483086,4839.497240781784,9.468888064
16400,11.377504405975342,1.250080064535141,25.121258201599122,,,,,,,,,0.0001876674566936032,4853.608068227768,9.468888064
16450,12.731762075424195,1.355484915971756,27.32208843231201,,,,,,,,,0.00018759382717864394,4867.724872589111,9.468888064
16500,12.053941192626953,1.283884516954422,25.841739845275878,,,,,,,,,0.00018751999387162655,4881.835235118866,9.468888064
16550,12.744690618515016,1.3563273429870606,27.11058952331543,,,,,,,,,0.00018744595695472722,4895.956871986389,9.468888064
16600,13.737563571929932,1.3872377741336823,27.19992259979248,,,,,,,,,0.00018737171661062488,4910.070377826691,9.468888064
16650,12.689692783355714,1.3595135247707366,27.115342330932616,,,,,,,,,0.00018729727302250015,4924.182723045349,9.468888064
16700,12.54986520767212,1.3312996923923492,27.191339225769042,,,,,,,,,0.0001872226263740351,4938.295109272003,9.468888064
16750,12.016472988128662,1.282253782749176,26.15591651916504,,,,,,,,,0.00018714777684941303,4952.4038689136505,9.468888064
16800,13.362022066116333,1.3526568245887756,26.2681844329834,,,,,,,,,0.00018707272463331758,4966.516243934631,9.468888064
16850,12.275662331581115,1.3128732633590698,26.661838932037355,,,,,,,,,0.00018699746991093286,4980.783140182495,9.468888064
16900,11.666188287734986,1.2897051858901978,26.536891746520997,,,,,,,,,0.00018692201286794216,4994.893643379211,9.468888064
16950,13.365318965911865,1.3617948770523072,26.94050289154053,,,,,,,,,0.0001868463536905284,5009.013464450836,9.468888064
17000,13.399864282608032,1.397949081659317,27.815732765197755,1.2214186799526214,24.43847252368927,14.854506371021271,9.676066123247146,1.2214186799526214,24.43847252368927,3.3319282758235933,52.68699760437012,0.0001867704925653729,5034.359800338745,9.468888064
17050,13.8330970287323,1.3870954298973084,26.93765453338623,,,,,,,,,0.00018669442967965568,5049.052464723587,9.468888064
17100,11.055322952270508,1.2405890381336213,25.738641242980957,,,,,,,,,0.00018661816522105425,5063.159480333328,9.468888064
17150,12.938770141601562,1.35964461684227,27.21374694824219,,,,,,,,,0.0001865416993777435,5077.274814367294,9.468888064
17200,10.642695693969726,1.2280566096305847,25.58338607788086,,,,,,,,,0.00018646503233839536,5091.4044535160065,9.468888064
17250,11.957823390960693,1.2724543023109436,25.650921440124513,,,,,,,,,0.0001863881642921781,5105.514706850052,9.468888064
17300,11.416416473388672,1.263359922170639,25.962526512145995,,,,,,,,,0.00018631109542875592,5119.621777772903,9.468888064
17350,13.648505573272706,1.3824898052215575,27.20302978515625,,,,,,,,,0.0001862338259382888,5133.7297151088715,9.468888064
17400,11.472155618667603,1.249329558610916,25.505444164276124,,,,,,,,,0.00018615635601143134,5147.832698106766,9.468888064
17450,11.003977651596069,1.216254587173462,24.86243698120117,,,,,,,,,0.00018607868583933303,5161.9469602108,9.468888064
17500,12.872633790969848,1.3611568748950957,27.404990463256837,,,,,,,,,0.00018600081561363717,5176.0576322078705,9.468888064
17550,12.854775104522705,1.3309803080558777,26.74507225036621,,,,,,,,,0.00018592274552648084,5190.171652555466,9.468888064
17600,13.112632474899293,1.3524931848049164,26.89877696990967,,,,,,,,,0.0001858444757704942,5204.282613039017,9.468888064
17650,12.322156553268433,1.2929365253448486,25.802893180847168,,,,,,,,,0.00018576600653880007,5218.3885242938995,9.468888064
17700,11.703990802764892,1.2646639990806579,25.513303775787353,,,,,,,,,0.00018568733802501355,5232.495715379715,9.468888064
17750,12.416989984512329,1.3503789114952087,27.67428379058838,,,,,,,,,0.00018560847042324135,5246.605664730072,9.468888064
17800,12.294618291854858,1.2647134006023406,25.2856099319458,,,,,,,,,0.00018552940392808144,5260.719253063202,9.468888064
17850,10.661978931427003,1.1998978435993195,24.988755416870116,,,,,,,,,0.00018545013873462246,5274.824798107147,9.468888064
17900,11.681979942321778,1.277713304758072,26.3115620803833,,,,,,,,,0.00018537067503844362,5289.0856676101685,9.468888064
17950,12.313998742103577,1.317141329050064,26.440482597351075,,,,,,,,,0.00018529101303561339,5303.192619085312,9.468888064
18000,11.416779680252075,1.2371502602100373,25.016312561035157,1.209640562683344,24.62182202577591,14.772548407316208,9.61467689037323,1.209640562683344,24.62182202577591,3.5868449997901917,57.21781425476074,0.00018521115292269007,5328.505500793457,9.468888064
18050,11.590616974830628,1.2615469181537629,25.794408836364745,,,,,,,,,0.00018513109489672042,5343.242633342743,9.468888064
18100,12.497351350784301,1.3039669942855836,25.786812477111816,,,,,,,,,0.00018505083915523976,5357.349630355835,9.468888064
18150,13.90405038833618,1.3798400354385376,26.633982276916505,,,,,,,,,0.000184970385896271,5371.463627099991,9.468888064
18200,13.734172992706299,1.3986048519611358,27.28643611907959,,,,,,,,,0.00018488973531832466,5385.580048561096,9.468888064
18250,11.05924973487854,1.218546414375305,25.039404220581055,,,,,,,,,0.00018480888762039804,5399.687713384628,9.468888064
18300,12.074923162460328,1.3052663540840148,26.289864120483397,,,,,,,,,0.0001847278430019748,5413.795704364777,9.468888064
18350,11.842474813461303,1.3008144629001617,26.756650848388674,,,,,,,,,0.00018464660166302467,5427.903554677963,9.468888064
18400,11.542516231536865,1.2357686376571655,25.08249294281006,,,,,,,,,0.00018456516380400224,5442.008201122284,9.468888064
18450,12.950661907196045,1.3155787754058839,25.978004760742188,,,,,,,,,0.00018448352962584753,5456.127917766571,9.468888064
18500,11.469339294433594,1.2940971612930299,26.705887928009034,,,,,,,,,0.0001844016993299846,5470.2360899448395,9.468888064
18550,11.262326035499573,1.2433821153640747,25.356931457519533,,,,,,,,,0.0001843196731183217,5484.342890739441,9.468888064
18600,11.753745574951171,1.2657058262825012,25.579575843811035,,,,,,,,,0.00018423745119325023,5498.447952270508,9.468888064
18650,12.329180059432984,1.3252575874328614,26.9239603805542,,,,,,,,,0.0001841550337576448,5512.554285526276,9.468888064
18700,14.153347301483155,1.3855259251594543,26.81718753814697,,,,,,,,,0.00018407242101486216,5526.678448915482,9.468888064
18750,11.861403350830079,1.2759422957897186,25.60637813568115,,,,,,,,,0.00018398961316874092,5540.787238359451,9.468888064
18800,10.578778686523437,1.1754136264324189,24.127309226989745,,,,,,,,,0.00018390661042360122,5554.892116546631,9.468888064
18850,11.424326248168946,1.2396561849117278,24.984822463989257,,,,,,,,,0.00018382341298424425,5568.997278928757,9.468888064
18900,12.127081298828125,1.2871130979061127,25.97748809814453,,,,,,,,,0.00018374002105595133,5583.112465381622,9.468888064
18950,11.31677975654602,1.2464263677597045,25.51438388824463,,,,,,,,,0.00018365643484448375,5597.436376094818,9.468888064
19000,13.181048860549927,1.333178403377533,26.36839611053467,1.2169706171751022,24.27251787662506,14.822804774045943,9.752795424461365,1.2169706171751022,24.27251787662506,3.6300763368606566,57.32740064620972,0.00018357265455608225,5622.937840938568,9.468888064
19050,12.179796419143678,1.2887339222431182,25.44301555633545,,,,,,,,,0.00018348868039746638,5637.780289649963,9.468888064
19100,11.476974782943726,1.251696798801422,25.27961009979248,,,,,,,,,0.00018340451257583396,5652.048760175705,9.468888064
19150,11.13794451713562,1.230746760368347,25.108506164550782,,,,,,,,,0.00018332015129886076,5666.225962400436,9.468888064
19200,10.936747903823852,1.1895568692684173,24.20249221801758,,,,,,,,,0.0001832355967746997,5680.382519245148,9.468888064
19250,11.657063093185425,1.251685448884964,25.235347557067872,,,,,,,,,0.0001831508492119808,5694.494429826736,9.468888064
19300,13.32541838645935,1.3526721704006195,26.268127403259278,,,,,,,,,0.00018306590881981023,5708.613697052002,9.468888064
19350,12.484714670181274,1.3229027354717255,26.602563629150392,,,,,,,,,0.00018298077580777,5722.720520973206,9.468888064
19400,12.259916133880616,1.289469312429428,26.156451587677,,,,,,,,,0.00018289545038591726,5736.829656124115,9.468888064
19450,12.380295333862305,1.2913824367523192,25.5702880859375,,,,,,,,,0.00018280993276478395,5750.942840337753,9.468888064
19500,12.628033199310302,1.3249901163578033,26.39514778137207,,,,,,,,,0.00018272422315537652,5765.050379991531,9.468888064
19550,11.267311506271362,1.2622505569458007,25.790468444824217,,,,,,,,,0.00018263832176917467,5779.155628204346,9.468888064
19600,12.952653408050537,1.3408722817897796,26.31023780822754,,,,,,,,,0.0001825522288181317,5793.259351968765,9.468888064
19650,12.38918293952942,1.3150978314876556,26.030310020446777,,,,,,,,,0.00018246594451467346,5807.365604400635,9.468888064
19700,12.565845041275024,1.3089407515525817,25.737453269958497,,,,,,,,,0.00018237946907169765,5821.470522880554,9.468888064
19750,11.356893148422241,1.2359624528884887,24.899092597961427,,,,,,,,,0.00018229280270257406,5835.577415466309,9.468888064
19800,11.532596206665039,1.2724122297763825,25.95573329925537,,,,,,,,,0.00018220594562114314,5849.687133073807,9.468888064
19850,12.000737352371216,1.3011985886096955,26.30339340209961,,,,,,,,,0.00018211889804171634,5863.802805423737,9.468888064
19900,11.135695476531982,1.2028033816814423,24.469002456665038,,,,,,,,,0.00018203166017907485,5877.905164241791,9.468888064
19950,11.008747148513795,1.1910366082191468,24.392586097717285,,,,,,,,,0.0001819442322484692,5892.006530046463,9.468888064
20000,12.140363545417786,1.2382975614070892,24.240448055267333,1.2485559080541133,25.116027772426605,15.258854218721389,10.075478083491326,1.2485559080541133,25.116027772426605,3.912333263158798,60.75029067993164,0.0001818566144656194,5917.410856962204,9.468888064
20050,11.311010150909423,1.2885497617721557,26.68639545440674,,,,,,,,,0.00018176880704671346,5932.165377140045,9.468888064
20100,12.205821743011475,1.3194565892219543,26.7469095993042,,,,,,,,,0.00018168081020840743,5946.279572725296,9.468888064
20150,13.146120882034301,1.3309788298606873,26.25321460723877,,,,,,,,,0.00018159262416782483,5960.387540817261,9.468888064
20200,10.774169998168945,1.2351568174362182,25.636792030334473,,,,,,,,,0.00018150424914255598,5974.502305269241,9.468888064
20250,11.160394506454468,1.199907909631729,24.238869152069093,,,,,,,,,0.0001814156853506574,5988.613562822342,9.468888064
20300,11.981988201141357,1.2857308161258698,25.298124313354492,,,,,,,,,0.00018132693301065159,6002.72191286087,9.468888064
20350,12.707940053939819,1.3483521115779877,26.951729316711425,,,,,,,,,0.00018123799234152585,6016.8501579761505,9.468888064
20400,11.722399940490723,1.2579196429252624,25.467773628234863,,,,,,,,,0.0001811488635627326,6030.965607404709,9.468888064
20450,11.65160662651062,1.2792010962963105,25.857873611450195,,,,,,,,,0.0001810595468941882,6045.072538852692,9.468888064
20500,11.091356840133667,1.219402836561203,25.242688026428223,,,,,,,,,0.0001809700425562728,6059.1844394207,9.468888064
20550,12.29015224456787,1.2722560751438141,25.36869689941406,,,,,,,,,0.00018088035076982935,6073.291347026825,9.468888064
20600,11.559589161872864,1.2366796469688415,24.82777898788452,,,,,,,,,0.0001807904717561635,6087.396096229553,9.468888064
20650,11.991764769554138,1.2462500655651092,24.918300437927247,,,,,,,,,0.0001807004057370426,6101.508752584457,9.468888064
20700,10.132281188964845,1.16509423494339,24.36065040588379,,,,,,,,,0.00018061015293469566,6115.619885921478,9.468888064
20750,13.090296020507813,1.3485501861572267,26.576051940917967,,,,,,,,,0.00018051971357181253,6129.735683917999,9.468888064
20800,12.25057487487793,1.2461271071434021,24.327437286376952,,,,,,,,,0.0001804290878715433,6143.8394277095795,9.468888064
20850,12.050797967910766,1.2789166724681855,25.669870872497558,,,,,,,,,0.000180338276057498,6157.942172765732,9.468888064
20900,11.743751640319823,1.2434120988845825,24.901773986816405,,,,,,,,,0.00018024727835374562,6172.0475306510925,9.468888064
20950,10.932181377410888,1.2485027968883515,25.85814994812012,,,,,,,,,0.00018015609498481412,6186.155694723129,9.468888064
21000,11.054484806060792,1.2067048823833466,24.422405967712404,1.2006369838118554,24.279726099967956,14.643328758478164,9.55337936103344,1.2006369838118554,24.279726099967956,3.468623811006546,55.15915922164917,0.00018006472617568937,6211.4700520038605,9.468888064
21050,11.41300760269165,1.2540201377868652,25.24702144622803,,,,,,,,,0.00017997317215181474,6226.343652248383,9.468888064
21100,12.770399260520936,1.319872542619705,26.361625175476075,,,,,,,,,0.0001798814331390907,6240.460400819778,9.468888064
21150,11.552278461456298,1.2556951498985292,25.656036491394044,,,,,,,,,0.00017978950936387396,6254.575189590454,9.468888064
21200,11.209736194610596,1.2183477592468261,24.637837867736817,,,,,,,,,0.00017969740105297751,6268.685801267624,9.468888064
21250,11.530227088928223,1.2577990925312041,25.442270889282227,,,,,,,,,0.0001796051084336695,6282.799830675125,9.468888064
21300,10.87827233314514,1.208017235994339,24.94699291229248,,,,,,,,,0.00017951263173367275,6296.914358139038,9.468888064
21350,11.389169778823852,1.240353673696518,25.345625801086427,,,,,,,,,0.00017941997118116424,6311.019424676895,9.468888064
21400,12.04339207649231,1.2844917953014374,26.029917373657227,,,,,,,,,0.00017932712700477482,6325.1337785720825,9.468888064
21450,10.729435968399049,1.222818647623062,25.076084365844725,,,,,,,,,0.00017923409943358798,6339.240878343582,9.468888064
21500,11.29034776687622,1.2353425455093383,25.144053077697755,,,,,,,,,0.00017914088869714015,6353.3497858047485,9.468888064
21550,10.971488571166992,1.2232090389728547,25.001188163757323,,,,,,,,,0.0001790474950254196,6367.457276105881,9.468888064
21600,12.17126230239868,1.2691912925243378,25.069960632324218,,,,,,,,,0.00017895391864886602,6381.57196688652,9.468888064
21650,12.384616355895997,1.2781221055984497,25.19218162536621,,,,,,,,,0.00017886015979836972,6395.682115077972,9.468888064
21700,11.83520191192627,1.2343082129955292,24.86162702560425,,,,,,,,,0.00017876621870527128,6409.78946018219,9.468888064
21750,12.293957958221435,1.29164945602417,26.013934173583984,,,,,,,,,0.00017867209560136116,6423.89718580246,9.468888064
21800,12.351535053253174,1.2953281581401825,25.603723449707033,,,,,,,,,0.00017857779071887855,6438.004940032959,9.468888064
21850,10.523011569976807,1.1814009857177734,24.04192928314209,,,,,,,,,0.00017848330429051163,6452.110091209412,9.468888064
21900,11.086651010513306,1.2123518407344818,24.486472415924073,,,,,,,,,0.000178388636549396,6466.2116086483,9.468888064
21950,12.060048160552979,1.2688857805728913,25.180163555145263,,,,,,,,,0.00017829378772911506,6480.327144622803,9.468888064
22000,11.904462146759034,1.2558428955078125,25.092665557861327,1.193471079915762,24.31794010400772,14.526279765367509,9.356532810926437,1.193471079915762,24.31794010400772,3.4400095254182816,54.40286239624024,0.00017819875806369893,6505.803601026535,9.468888064
22050,11.937141513824463,1.2957392060756683,25.827876625061034,,,,,,,,,0.00017810354778762365,6520.5650470256805,9.468888064
22100,11.24118323802948,1.2316409265995025,24.910323123931885,,,,,,,,,0.00017800815713581126,6534.918813228607,9.468888064
22150,11.3928227186203,1.2263849782943725,24.68369131088257,,,,,,,,,0.00017791258634362864,6549.0263159275055,9.468888064
22200,10.564484977722168,1.1668175625801087,23.670391693115235,,,,,,,,,0.0001778168356468872,6563.133191347122,9.468888064
22250,11.807911491394043,1.2766792643070222,25.5971639251709,,,,,,,,,0.00017772090528184244,6577.244112253189,9.468888064
22300,10.5601087474823,1.2292381012439728,26.065454025268554,,,,,,,,,0.00017762479548519294,6591.351689338684,9.468888064
22350,12.161687030792237,1.2977706432342528,25.984328308105468,,,,,,,,,0.00017752850649407987,6605.463912010193,9.468888064
22400,11.064691095352172,1.1996542513370514,24.411850967407226,,,,,,,,,0.0001774320385460868,6619.574854135513,9.468888064
22450,12.019159803390503,1.3054624235630035,26.226684494018556,,,,,,,,,0.000177335391879239,6633.69912314415,9.468888064
22500,12.365432586669922,1.2650848352909088,24.856961975097658,,,,,,,,,0.00017723856673200236,6647.826861381531,9.468888064
22550,12.603496932983399,1.2909403920173645,25.177038497924805,,,,,,,,,0.00017714156334328328,6661.949853897095,9.468888064
22600,10.365111274719238,1.1605228352546693,24.111539459228517,,,,,,,,,0.00017704438195242814,6676.064699411392,9.468888064
22650,12.073611445426941,1.294056659936905,25.79162805557251,,,,,,,,,0.00017694702279922206,6690.178810596466,9.468888064
22700,12.29693084716797,1.2868015456199646,25.93639533996582,,,,,,,,,0.00017684948612388943,6704.297341108322,9.468888064
22750,11.606063804626466,1.2408935499191285,24.92843418121338,,,,,,,,,0.00017675177216709212,6718.401663064957,9.468888064
22800,10.269891109466553,1.1542270112037658,23.69648447036743,,,,,,,,,0.00017665388116992956,6732.504838705063,9.468888064
22850,11.407600588798523,1.2060811150074005,23.9748433303833,,,,,,,,,0.00017655581337393803,6746.6138706207275,9.468888064
22900,11.144738669395446,1.1960654735565186,24.441304283142088,,,,,,,,,0.00017645756902109032,6760.718983411789,9.468888064
22950,11.584160051345826,1.2185952520370484,24.0377827835083,,,,,,,,,0.00017635914835379427,6774.827806472778,9.468888064
23000,11.528219747543336,1.2148201477527618,24.09397996902466,1.1676519353687764,23.59612630367279,14.306376093626023,9.339794924855232,1.1676519353687764,23.59612630367279,3.6659365773200987,57.486704654693604,0.00017626055161489335,6800.129267692566,9.468888064
23050,12.024680833816529,1.3056503200531007,26.410148086547853,,,,,,,,,0.0001761617790476651,6814.829924583435,9.468888064
23100,10.997217664718628,1.2591927027702332,26.2291544342041,,,,,,,,,0.00017606283089582095,6828.935968160629,9.468888064
23150,12.749744892120361,1.322697570323944,26.13560390472412,,,,,,,,,0.00017596370740350585,6843.198833227158,9.468888064
23200,11.812008962631225,1.234814829826355,24.61420473098755,,,,,,,,,0.0001758644088152969,6857.290052652359,9.468888064
23250,12.062108736038208,1.2781273376941682,25.61729949951172,,,,,,,,,0.00017576493537620373,6871.393171548843,9.468888064
23300,10.168736772537232,1.151662745475769,23.712835750579835,,,,,,,,,0.00017566528733166696,6885.484776735306,9.468888064
23350,11.840457830429077,1.2504141819477081,25.237618103027344,,,,,,,,,0.0001755654649275584,6899.579316854477,9.468888064
23400,10.927100429534912,1.2231622755527496,24.78410202026367,,,,,,,,,0.00017546546841017979,6913.669546127319,9.468888064
23450,10.41382679462433,1.1642805659770965,23.583306941986084,,,,,,,,,0.00017536529802626268,6927.762813568115,9.468888064
23500,12.02110068321228,1.266720563173294,25.21534839630127,,,,,,,,,0.00017526495402296754,6941.859303712845,9.468888064
23550,10.57845217704773,1.1766431212425232,24.107627182006837,,,,,,,,,0.000175164436647883,6955.951998710632,9.468888064
23600,12.432653198242187,1.3188341355323792,25.85973918914795,,,,,,,,,0.00017506374614902604,6970.053986549377,9.468888064
23650,10.349931817054749,1.1736524665355683,24.575433616638183,,,,,,,,,0.0001749628827748402,6984.145370483398,9.468888064
23700,10.17652500152588,1.1591070079803467,23.954286727905274,,,,,,,,,0.00017486184677419604,6998.247499465942,9.468888064
23750,12.044652280807496,1.2597249948978424,24.98145149230957,,,,,,,,,0.0001747606383963897,7012.345146894455,9.468888064
23800,11.675876560211181,1.2458396899700164,25.227598056793212,,,,,,,,,0.00017465925789114276,7026.443305492401,9.468888064
23850,11.102402067184448,1.208117232322693,24.621665382385252,,,,,,,,,0.0001745577055086016,7040.535674095154,9.468888064
23900,10.103155736923219,1.1668762969970703,24.13198028564453,,,,,,,,,0.00017445598149933662,7054.634209156036,9.468888064
23950,11.160506300926208,1.24048570394516,24.654781074523925,,,,,,,,,0.0001743540861143417,7068.727628707886,9.468888064
24000,10.420184211730957,1.1570607805252076,23.74449245452881,1.1961879709362984,24.235546867847443,14.592795791625976,9.538773640394211,1.1961879709362984,24.235546867847443,3.778625864982605,57.81934827804565,0.00017425201960503356,7093.994199752808,9.468888064
24050,11.869092988967896,1.2696708369255065,25.53910928726196,,,,,,,,,0.0001741497822232513,7108.673095703125,9.468888064
24100,12.950789136886597,1.2499452197551728,24.075178985595702,,,,,,,,,0.00017404737422125528,7122.797008752823,9.468888064
24150,11.600609941482544,1.2403219223022461,24.880542011260985,,,,,,,,,0.00017394479585172717,7136.889003753662,9.468888064
24200,9.4553138256073,1.1188501751422881,23.421612644195555,,,,,,,,,0.00017384204736776895,7151.130918979645,9.468888064
24250,11.893056030273437,1.2551647293567658,25.146042671203613,,,,,,,,,0.00017373912902290232,7165.235900640488,9.468888064
24300,11.179103326797485,1.2310823702812195,24.86260566711426,,,,,,,,,0.00017363604107106787,7179.351219415665,9.468888064
24350,10.719360084533692,1.173396542072296,24.03815492630005,,,,,,,,,0.00017353278376662496,7193.457213401794,9.468888064
24400,11.981377358436584,1.2886694729328156,25.98546541213989,,,,,,,,,0.00017342935736435077,7207.568740367889,9.468888064
24450,9.534674701690674,1.1100855123996736,23.36654661178589,,,,,,,,,0.00017332576211943958,7221.6876838207245,9.468888064
24500,11.542766370773315,1.2354240584373475,24.77367546081543,,,,,,,,,0.00017322199828750243,7235.81045794487,9.468888064
24550,11.35156982421875,1.2428955829143524,25.174226989746092,,,,,,,,,0.00017311806612456637,7249.927471637726,9.468888064
24600,10.907706665992738,1.2036941123008729,24.73266382217407,,,,,,,,,0.0001730139658870735,7264.04844045639,9.468888064
24650,11.374972949028015,1.2186773216724396,24.391743927001954,,,,,,,,,0.00017290969783188078,7278.1550278663635,9.468888064
24700,11.930178937911988,1.2444827604293822,24.600427398681642,,,,,,,,,0.00017280526221625936,7292.265819549561,9.468888064
24750,10.761083083152771,1.2066364002227783,24.64045997619629,,,,,,,,,0.00017270065929789397,7306.372117757797,9.468888064
24800,10.371132650375365,1.155853782892227,23.555059661865233,,,,,,,,,0.0001725958893348816,7320.476021766663,9.468888064
24850,10.29359450340271,1.1560406649112702,23.63718894958496,,,,,,,,,0.00017249095258573186,7334.579035758972,9.468888064
24900,12.1547212600708,1.2457747602462768,24.42563678741455,,,,,,,,,0.00017238584930936548,7348.68940448761,9.468888064
24950,12.02329520702362,1.2589473593235017,24.725858421325682,,,,,,,,,0.0001722805797651146,7362.819188833237,9.468888064
25000,11.8012717628479,1.2416343379020691,24.626640071868895,1.1613393349945544,23.950734419822695,14.116125502586364,9.143538377285005,1.1613393349945544,23.950734419822695,3.4776540863513947,54.51052667617798,0.0001721751442127214,7388.153308391571,9.468888064
25050,11.628994936943053,1.2318696439266206,24.724420166015626,,,,,,,,,0.00017206954291233763,7402.904032945633,9.468888064
25100,11.65300295829773,1.2574494552612305,24.997170066833498,,,,,,,,,0.00017196377612452394,7417.035428762436,9.468888064
25150,11.647934770584106,1.2284006416797637,24.130248985290528,,,,,,,,,0.00017185784411024926,7431.134471178055,9.468888064
25200,11.342643213272094,1.186066815853119,23.643841590881348,,,,,,,,,0.0001717517471308904,7445.233249664307,9.468888064
25250,11.707548780441284,1.250460343360901,25.168577194213867,,,,,,,,,0.00017164548544823104,7459.506084918976,9.468888064
25300,11.584681239128113,1.2313004422187805,24.459303493499757,,,,,,,,,0.00017153905932446126,7473.619718790054,9.468888064
25350,10.777479124069213,1.1712965297698974,23.640590476989747,,,,,,,,,0.00017143246902217714,7487.727730989456,9.468888064
25400,11.391603717803955,1.241473387479782,25.39017547607422,,,,,,,,,0.0001713257148043796,7501.839999198914,9.468888064
25450,11.125931339263916,1.2197080636024475,24.684773864746095,,,,,,,,,0.00017121879693447395,7515.950572252274,9.468888064
25500,10.460590572357178,1.1737060463428497,23.704775009155274,,,,,,,,,0.00017111171567626952,7530.057545185089,9.468888064
25550,12.176553812026977,1.2621620905399322,24.93418182373047,,,,,,,,,0.0001710044712939786,7544.174640417099,9.468888064
25600,10.337761793136597,1.162352420091629,24.097025527954102,,,,,,,,,0.00017089706405221607,7558.288476705551,9.468888064
25650,10.593394284248353,1.1774992299079896,24.037355518341066,,,,,,,,,0.00017078949421599874,7572.395617246628,9.468888064
25700,11.510303659439087,1.2134791862964631,24.330545902252197,,,,,,,,,0.00017068176205074429,7586.509868860245,9.468888064
25750,10.743270740509033,1.1882552003860474,24.357853088378906,,,,,,,,,0.0001705738678222712,7600.612887144089,9.468888064
25800,11.53591739654541,1.241087428331375,24.782627334594725,,,,,,,,,0.00017046581179679774,7614.718675374985,9.468888064
25850,10.703492832183837,1.179821984767914,23.76716304779053,,,,,,,,,0.0001703575942409413,7628.820497274399,9.468888064
25900,12.275820345878602,1.272943012714386,25.36811538696289,,,,,,,,,0.00017024921542171812,7642.940936565399,9.468888064
25950,10.369591469764709,1.1543515717983246,23.751200408935546,,,,,,,,,0.00017014067560654228,7657.0503969192505,9.468888064
26000,11.01318962574005,1.1716972804069519,23.292606620788575,1.1506350353360175,23.400410919189454,14.056184861660004,9.151920562386513,1.1506350353360175,23.400410919189454,3.8049264979362487,58.992682132720944,0.00017003197506322478,7682.458221435547,9.468888064
26050,10.920179080963134,1.166309745311737,23.29156478881836,,,,,,,,,0.00016992311405997345,7697.119923591614,9.468888064
26100,10.657606620788574,1.1719422924518585,23.714139709472658,,,,,,,,,0.00016981409286539196,7711.213657855988,9.468888064
26150,11.007783937454224,1.1947586023807526,23.834214420318602,,,,,,,,,0.00016970491174847933,7725.30313539505,9.468888064
26200,10.420318336486817,1.1847138214111328,24.578857383728028,,,,,,,,,0.0001695955709786291,7739.402180194855,9.468888064
26250,11.532613306045532,1.208785138130188,24.1650329208374,,,,,,,,,0.0001694860708256287,7753.491776227951,9.468888064
26300,11.291895589828492,1.208930368423462,24.0072917175293,,,,,,,,,0.000169376411559659,7767.736954450607,9.468888064
26350,11.88404637336731,1.2310615122318267,24.30806282043457,,,,,,,,,0.00016926659345129334,7781.838360548019,9.468888064
26400,10.53931755065918,1.1585559892654418,23.740732898712157,,,,,,,,,0.00016915661677149673,7795.934510946274,9.468888064
26450,11.647087469100953,1.2107895934581756,24.06285196304321,,,,,,,,,0.00016904648179162584,7810.032767772675,9.468888064
26500,10.689600224494933,1.1590718305110932,23.41706537246704,,,,,,,,,0.00016893618878342776,7824.129511594772,9.468888064
26550,10.77732448577881,1.1712707352638245,23.851379299163817,,,,,,,,,0.00016882573801903973,7838.226048946381,9.468888064
26600,10.130844793319703,1.1419893407821655,23.684454460144043,,,,,,,,,0.0001687151297709879,7852.316305875778,9.468888064
26650,10.724801502227784,1.2049168455600738,24.775199451446532,,,,,,,,,0.000168604364312187,7866.4170179367065,9.468888064
26700,10.811387920379639,1.1806046748161316,23.568312530517577,,,,,,,,,0.00016849344191593988,7880.51665019989,9.468888064
26750,11.685148344039916,1.2235892176628114,24.407084197998046,,,,,,,,,0.0001683823628559365,7894.616871833801,9.468888064
26800,11.898156452178956,1.2444009351730347,24.423156661987306,,,,,,,,,0.00016827112740625327,7908.863981485367,9.468888064
26850,11.103259057998658,1.231350120306015,25.327905158996582,,,,,,,,,0.00016815973584135297,7923.196494102478,9.468888064
26900,10.709144415855407,1.1869149494171143,23.94534511566162,,,,,,,,,0.00016804818843608291,7937.714963912964,9.468888064
26950,10.93633625984192,1.2218630409240723,25.20548294067383,,,,,,,,,0.00016793648546567527,7952.12916135788,9.468888064
27000,11.057122421264648,1.1944297647476196,24.26186325073242,1.1385224121809006,23.3691996717453,13.897269711494445,9.009857167601586,1.1385224121809006,23.3691996717453,3.662887045145035,58.07736394882202,0.00016782462720574604,7978.34606719017,9.468888064
27050,10.22334840774536,1.1617677748203277,23.70417064666748,,,,,,,,,0.00016771261393229458,7993.449814319611,9.468888064
27100,10.068675565719605,1.1300812232494355,23.188596420288086,,,,,,,,,0.00016760044592170238,8007.957447052002,9.468888064
27150,9.982122755050659,1.1268633139133453,23.051570835113527,,,,,,,,,0.00016748812345073272,8022.3699061870575,9.468888064
27200,11.166345300674438,1.2058621561527252,24.093080768585207,,,,,,,,,0.0001673756467965301,8036.600311040878,9.468888064
27250,12.141719989776611,1.2288006913661957,23.970550651550294,,,,,,,,,0.0001672630162366197,8050.875402212143,9.468888064
27300,11.431986360549926,1.2449375450611115,25.068367671966552,,,,,,,,,0.00016715023204890602,8065.252479314804,9.468888064
27350,11.354919557571412,1.218639988899231,24.196109962463378,,,,,,,,,0.00016703729451167317,8079.69163775444,9.468888064
27400,10.991827716827393,1.1911295402050017,24.41112689971924,,,,,,,,,0.00016692420390358286,8093.836813926697,9.468888064
27450,11.242198867797851,1.2110477375984192,24.623463973999023,,,,,,,,,0.00016681096050367511,8108.037002086639,9.468888064
27500,12.050804986953736,1.2570250248908996,24.339982109069823,,,,,,,,,0.00016669756459136673,8122.275350570679,9.468888064
27550,10.845115461349486,1.1697197008132934,23.421954441070557,,,,,,,,,0.000166584016446451,8136.577159881592,9.468888064
27600,11.317552547454834,1.221274617910385,24.26202180862427,,,,,,,,,0.0001664703163490966,8150.898091554642,9.468888064
27650,9.96442265033722,1.1234702014923095,23.508860301971435,,,,,,,,,0.000166356464579847,8165.157591104507,9.468888064
27700,10.768656568527222,1.188204538822174,23.5251566696167,,,,,,,,,0.00016624246141962046,8179.66698551178,9.468888064
27750,10.577373228073121,1.1944325363636017,24.469429740905763,,,,,,,,,0.0001661283071497082,8194.137682199478,9.468888064
27800,10.392343225479125,1.1424738621711732,23.246531162261963,,,,,,,,,0.00016601400205177463,8208.627255678177,9.468888064
27850,11.347917022705078,1.2147042977809905,24.044852638244627,,,,,,,,,0.0001658995464078565,8223.175606250763,9.468888064
27900,9.742354321479798,1.118885987997055,22.974955234527588,,,,,,,,,0.00016578494050036117,8237.705803155899,9.468888064
27950,10.630933103561402,1.1620843040943145,23.461838684082032,,,,,,,,,0.00016567018461206772,8252.213123559952,9.468888064
28000,9.951984395980835,1.123188281059265,23.039255867004396,1.14078298330307,23.257478840351105,14.016878263950348,9.105940719246865,1.14078298330307,23.257478840351105,3.802561630010605,58.58229772567749,0.00016555527902612475,8278.450439453125,9.468888064
28050,11.789259061813354,1.2025530850887298,24.13005569458008,,,,,,,,,0.00016544022402605038,8293.538701534271,9.468888064
28100,10.814776277542114,1.1953810501098632,24.185031986236574,,,,,,,,,0.00016532501989573146,8308.027399778366,9.468888064
28150,11.553199114799499,1.2315243256092072,24.64072681427002,,,,,,,,,0.00016520966691942277,8322.577683210373,9.468888064
28200,10.515593910217286,1.1207928955554962,22.645601387023927,,,,,,,,,0.00016509416538174626,8337.059494256973,9.468888064
28250,9.934552412033081,1.1293232393264772,22.950813846588133,,,,,,,,,0.00016497851556769035,8351.537718296051,9.468888064
28300,11.989026660919189,1.3025210583209992,26.126816787719726,,,,,,,,,0.00016486271776260943,8366.03713297844,9.468888064
28350,10.781789598464966,1.1452154803276062,22.968027725219727,,,,,,,,,0.00016474677225222342,8380.525572776794,9.468888064
28400,11.98954445362091,1.2360381174087525,24.49725538253784,,,,,,,,,0.0001646306793226161,8395.218047618866,9.468888064
28450,10.463539419174195,1.1588922822475434,23.429541053771974,,,,,,,,,0.00016451443926023527,8409.700907468796,9.468888064
28500,10.926335592269897,1.1900396466255188,24.001643772125245,,,,,,,,,0.00016439805235189163,8424.223111152649,9.468888064
28550,9.715249495506287,1.1069812524318694,22.803330535888673,,,,,,,,,0.00016428151888475855,8438.709993839264,9.468888064
28600,11.581305828094482,1.2126913118362426,23.88602087020874,,,,,,,,,0.00016416483914637046,8453.245302438736,9.468888064
28650,10.510234088897706,1.158154090642929,23.566568965911866,,,,,,,,,0.00016404801342462312,8467.793310165405,9.468888064
28700,11.160469245910644,1.199878249168396,24.0763285446167,,,,,,,,,0.00016393104200777245,8482.342767715454,9.468888064
28750,10.532201929092407,1.1525358486175536,23.542374725341798,,,,,,,,,0.00016381392518443377,8496.850302696228,9.468888064
28800,11.142831535339356,1.1961065125465393,23.96767583847046,,,,,,,,,0.00016369666324358122,8511.382985115051,9.468888064
28850,10.287747344970704,1.121460530757904,22.74244987487793,,,,,,,,,0.0001635792564745471,8525.914602994919,9.468888064
28900,11.879911251068116,1.2395591843128204,24.61495964050293,,,,,,,,,0.0001634617051670208,8540.474257469177,9.468888064
28950,10.886161861419678,1.2058948433399201,24.15254306793213,,,,,,,,,0.0001633440096110485,8555.084907531738,9.468888064
29000,10.172678709030151,1.1470642459392548,23.306211280822755,1.1211420467495918,22.991453013420106,13.866735801696777,8.995312467813491,1.1211420467495918,22.991453013420106,3.7788776469230654,59.86905122756958,0.00016322617009703226,8581.399789094925,9.468888064
29050,11.753819336891175,1.2308223068714141,24.301719245910643,,,,,,,,,0.00016310818691572937,8596.688245534897,9.468888064
29100,9.412775440216064,1.1006953072547914,23.248728504180907,,,,,,,,,0.00016299006035825183,8611.369837522507,9.468888064
29150,10.64595853805542,1.1697121942043305,23.960778770446776,,,,,,,,,0.00016287179071606476,8625.987562417984,9.468888064
29200,10.066259832382203,1.1281667792797088,22.86128116607666,,,,,,,,,0.00016275337828098707,8640.569095373154,9.468888064
29250,10.791542406082153,1.1891913092136384,24.100437660217285,,,,,,,,,0.0001626348233451896,8655.172286510468,9.468888064
29300,10.99916880607605,1.1981153547763825,24.12665584564209,,,,,,,,,0.00016251612620119492,8669.830657482147,9.468888064
29350,11.315071964263916,1.2059387028217317,24.116078777313234,,,,,,,,,0.00016239728714187616,8684.519322633743,9.468888064
29400,10.926668491363525,1.202035948038101,24.33265377044678,,,,,,,,,0.0001622783064604571,8699.115844249725,9.468888064
29450,11.170720992088318,1.175796549320221,23.298295135498048,,,,,,,,,0.0001621591844505108,8714.277199745178,9.468888064
29500,10.660261154174805,1.1740143275260926,23.85270378112793,,,,,,,,,0.00016203992140595877,8729.168865442276,9.468888064
29550,10.984598541259766,1.1855257725715638,24.222845363616944,,,,,,,,,0.00016192051762107084,8743.890908002853,9.468888064
29600,10.696457624435425,1.1472401762008666,22.903523654937743,,,,,,,,,0.00016180097339046405,8758.525148391724,9.468888064
29650,10.505505123138427,1.1668834590911865,23.915385093688965,,,,,,,,,0.00016168128900910172,8773.117404222488,9.468888064
29700,10.520362911224366,1.1399989593029023,23.156935749053954,,,,,,,,,0.00016156146477229333,8787.723302602768,9.468888064
29750,11.510388116836548,1.1951203286647796,23.690132369995116,,,,,,,,,0.0001614415009756934,8802.411341667175,9.468888064
29800,10.232457003593446,1.1461572575569152,23.45746675491333,,,,,,,,,0.00016132139791530031,8817.048935174942,9.468888064
29850,10.757533106803894,1.1638799977302552,23.572147560119628,,,,,,,,,0.00016120115588745667,8831.687537670135,9.468888064
29900,10.986487035751344,1.2268962228298188,25.123913497924804,,,,,,,,,0.00016108077518884768,8846.32664346695,9.468888064
29950,11.281626996994019,1.2031771731376648,23.632454528808594,,,,,,,,,0.0001609602561165007,8860.989262104034,9.468888064
30000,10.615504999160766,1.1327309715747833,22.58551643371582,1.1155081813037395,22.731343472003935,13.727815748453141,8.898958360552788,1.1155081813037395,22.731343472003935,3.5774015522003175,56.7465495300293,0.0001608395989677845,8887.289547920227,9.468888064
30050,11.986236820220947,1.2242584359645843,24.01191207885742,,,,,,,,,0.00016071880404040884,8902.619622945786,9.468888064
30100,11.509341268539428,1.2244463109970092,24.35772912979126,,,,,,,,,0.000160597871632423,8917.263761520386,9.468888064
30150,9.367125840187073,1.098688441514969,22.967077674865724,,,,,,,,,0.00016047680204221565,8931.89494729042,9.468888064
30200,11.153496923446655,1.1785537087917328,23.32664186477661,,,,,,,,,0.00016035559556851426,8946.503149986267,9.468888064
30250,10.2452614402771,1.156406844854355,23.61402599334717,,,,,,,,,0.0001602342525103833,8961.156474351883,9.468888064
30300,10.263747310638427,1.1407615172863006,22.900484371185303,,,,,,,,,0.00016011277316722506,8975.779851675034,9.468888064
30350,10.247644095420837,1.1472134673595429,23.591532497406007,,,,,,,,,0.00015999115783877765,8990.39283323288,9.468888064
30400,10.141925773620606,1.1654743206501008,23.917635326385497,,,,,,,,,0.00015986940682511484,9005.04567861557,9.468888064
30450,9.56888843536377,1.0847111320495606,22.86707145690918,,,,,,,,,0.0001597475204266451,9019.627835273743,9.468888064
30500,11.47455765724182,1.226373804807663,24.56717128753662,,,,,,,,,0.0001596254989441109,9034.241342782974,9.468888064
30550,10.36866024017334,1.1500318503379823,23.581892833709716,,,,,,,,,0.00015950334267858824,9048.653837442398,9.468888064
30600,10.868945298194886,1.1603724086284637,23.274861660003662,,,,,,,,,0.0001593810519314856,9062.814860343933,9.468888064
30650,10.569396352767944,1.1679949367046356,23.653114891052248,,,,,,,,,0.00015925862700454316,9076.911267995834,9.468888064
30700,10.232550010681152,1.139577009677887,23.03010648727417,,,,,,,,,0.00015913606819983227,9090.996618270874,9.468888064
30750,10.558477001190186,1.1813896465301514,24.046223983764648,,,,,,,,,0.00015901337581975463,9105.088057518005,9.468888064
30800,10.311641416549683,1.1397210192680358,23.431898994445802,,,,,,,,,0.00015889055016704134,9119.176491975784,9.468888064
30850,10.015752582550048,1.1450326919555665,23.930385208129884,,,,,,,,,0.00015876759154475267,9133.270481586456,9.468888064
30900,11.627651062011719,1.206724283695221,23.61273193359375,,,,,,,,,0.0001586445002562768,9147.360748529434,9.468888064
30950,10.428681182861329,1.1371116054058075,22.866868114471437,,,,,,,,,0.00015852127660532912,9161.446744680405,9.468888064
31000,10.617783880233764,1.170331630706787,23.724029483795167,1.1132416070997715,22.50000007390976,13.503169747591018,8.794702181220055,1.1132416070997715,22.50000007390976,3.848778952360153,57.50407712936401,0.00015839792089595184,9186.702371120453,9.468888064
31050,10.192148151397705,1.13189355134964,22.934169540405275,,,,,,,,,0.0001582744334325129,9201.38810634613,9.468888064
31100,9.122292966842652,1.070395095348358,22.154575634002686,,,,,,,,,0.0001581508145197053,9215.481862545013,9.468888064
31150,10.904541625976563,1.1738780450820923,23.984435691833497,,,,,,,,,0.00015802706446254637,9229.57341337204,9.468888064
31200,9.907210102081299,1.141340240240097,23.812772636413573,,,,,,,,,0.0001579031835663772,9243.657969474792,9.468888064
31250,11.723236742019653,1.2214037048816682,24.526109046936035,,,,,,,,,0.00015777917213686166,9257.75009393692,9.468888064
31300,10.514514427185059,1.1337623119354248,22.875054874420165,,,,,,,,,0.0001576550304799853,9271.843904018402,9.468888064
31350,10.429491176605225,1.1385313832759858,22.939174575805666,,,,,,,,,0.00015753075890205555,9285.93018245697,9.468888064
31400,11.715852527618408,1.1886137306690217,22.975929794311522,,,,,,,,,0.00015740635770970015,9300.022186994553,9.468888064
31450,11.216731176376342,1.181131181716919,23.61949258804321,,,,,,,,,0.00015728182720986658,9314.11353135109,9.468888064
31500,10.336302013397217,1.1279092144966125,22.88446056365967,,,,,,,,,0.00015715716770982164,9328.198458194733,9.468888064
31550,10.05935441493988,1.1233663499355315,23.062396297454836,,,,,,,,,0.00015703237951715022,9342.436724424362,9.468888064
31600,9.992765340805054,1.1120102155208587,23.05571294784546,,,,,,,,,0.0001569074629397547,9356.523141145706,9.468888064
31650,11.11285093307495,1.2290179967880248,24.682564315795897,,,,,,,,,0.00015678241828585444,9370.61623764038,9.468888064
31700,11.964991459846496,1.250633385181427,24.640781650543214,,,,,,,,,0.00015665724586398446,9384.721113443375,9.468888064
31750,11.533425779342652,1.2000846338272095,23.80712261199951,,,,,,,,,0.0001565319459829954,9398.816456794739,9.468888064
31800,9.869435114860535,1.1304263246059418,23.38621425628662,,,,,,,,,0.0001564065189520523,9412.908621788025,9.468888064
31850,10.119646110534667,1.1149461162090302,22.496404933929444,,,,,,,,,0.0001562809650806338,9426.995013952255,9.468888064
31900,11.019020438194275,1.167232608795166,23.12415975570679,,,,,,,,,0.0001561552846785316,9441.085083246231,9.468888064
31950,9.673762159347534,1.073692580461502,22.06995651245117,,,,,,,,,0.00015602947805584973,9455.289913654327,9.468888064
32000,9.593627653121949,1.0916803991794586,22.261332244873046,1.1195659357309342,22.675600171089172,13.670507813692092,8.836861157417298,1.1195659357309342,22.675600171089172,3.653090603351593,56.793870010375976,0.00015590354552300352,9481.014802455902,9.468888064
32050,8.782986264228821,1.0466213178634645,21.953568325042724,,,,,,,,,0.00015577748739071878,9495.877107143402,9.468888064
32100,9.141481294631959,1.0693694543838501,22.58128261566162,,,,,,,,,0.0001556513039700316,9509.988139867783,9.468888064
32150,10.54534281730652,1.1258696019649506,22.604266586303712,,,,,,,,,0.00015552499557228697,9524.252048015594,9.468888064
32200,11.338710699081421,1.1822803318500519,23.35252679824829,,,,,,,,,0.00015539856250913845,9538.544106960297,9.468888064
32250,11.677900705337525,1.2280704867839813,24.449906253814696,,,,,,,,,0.00015527200509254677,9552.756655693054,9.468888064
32300,10.837059221267701,1.1829428195953369,23.586836719512938,,,,,,,,,0.0001551453236347799,9566.84701037407,9.468888064
32350,10.204945845603943,1.1572294020652771,23.5058309173584,,,,,,,,,0.00015501851844841168,9580.939816713333,9.468888064
32400,9.879920101165771,1.1069129931926727,22.783776626586913,,,,,,,,,0.00015489158984632154,9595.07132101059,9.468888064
32450,12.4383655834198,1.2682002103328704,24.90903118133545,,,,,,,,,0.0001547645381416929,9609.18546295166,9.468888064
32500,10.842705078125,1.1794742393493651,23.779248027801515,,,,,,,,,0.00015463736364801348,9623.362030744553,9.468888064
32550,10.412213973999023,1.1388336396217347,23.31297595977783,,,,,,,,,0.0001545100666790736,9637.487880468369,9.468888064
32600,9.994040422439575,1.1482803165912627,23.69178462982178,,,,,,,,,0.00015438264754896578,9651.811156749725,9.468888064
32650,9.493626184463501,1.0877887606620789,22.584431858062743,,,,,,,,,0.00015425510657208414,9665.979553937912,9.468888064
32700,11.086646881103515,1.1884447467327117,23.358412551879884,,,,,,,,,0.00015412744406312343,9680.183623552322,9.468888064
32750,10.95772391319275,1.1576249766349793,23.002712059020997,,,,,,,,,0.00015399966033707805,9694.318761110306,9.468888064
32800,10.564069457054138,1.182409188747406,23.9782776260376,,,,,,,,,0.00015387175570924164,9708.505592107773,9.468888064
32850,10.52515082359314,1.1312169575691222,22.699237117767336,,,,,,,,,0.00015374373049520628,9722.591383457184,9.468888064
32900,10.784732179641724,1.1625468444824218,23.533732070922852,,,,,,,,,0.00015361558501086146,9736.67532992363,9.468888064
32950,9.307819991111755,1.0736617147922516,22.083489971160887,,,,,,,,,0.00015348731957239315,9750.764952898026,9.468888064
33000,10.325712509155274,1.1455317735671997,23.359226760864257,1.1327685922384263,23.33851922750473,13.995725470781327,9.04485475897789,1.1327685922384263,23.33851922750473,3.872222807407379,58.76148054122925,0.00015335893449628396,9775.966095685959,9.468888064
33050,10.155810623168945,1.1035005605220796,22.583050537109376,,,,,,,,,0.0001532304300993111,9790.653243303299,9.468888064
33100,9.019653882980347,1.0458295488357543,21.72728265762329,,,,,,,,,0.00015310180669854637,9804.74759721756,9.468888064
33150,10.39598358631134,1.1248897123336792,22.74923698425293,,,,,,,,,0.00015297306461135523,9818.839585065842,9.468888064
33200,10.06168327331543,1.1055427587032318,22.552614517211914,,,,,,,,,0.00015284420415539614,9833.069912195206,9.468888064
33250,11.302805404663086,1.1839091575145722,23.151558532714844,,,,,,,,,0.00015271522564861922,9847.168179988861,9.468888064
33300,10.680350131988526,1.1905701434612275,24.223101768493652,,,,,,,,,0.00015258612940926625,9861.259362459183,9.468888064
33350,10.904769496917725,1.183401063680649,23.6808286857605,,,,,,,,,0.0001524569157558694,9875.359748840332,9.468888064
33400,10.053504972457885,1.1122885417938233,22.51480125427246,,,,,,,,,0.00015232758500725044,9889.446719884872,9.468888064
33450,10.928389501571655,1.1528878223896026,22.999680404663085,,,,,,,,,0.00015219813748252022,9903.58531999588,9.468888064
33500,9.448549818992614,1.0783733224868775,22.242608394622803,,,,,,,,,0.00015206857350107757,9917.981191396713,9.468888064
33550,12.584700150489807,1.2746624052524567,25.161964969635008,,,,,,,,,0.00015193889338260884,9932.128219366074,9.468888064
33600,10.320995540618897,1.1393777000904084,23.44797975540161,,,,,,,,,0.00015180909744708662,9946.339596033096,9.468888064
33650,9.085191173553467,1.0449655693769455,21.24281623840332,,,,,,,,,0.00015167918601476964,9960.593861579895,9.468888064
33700,10.756179704666138,1.173680944442749,23.659427967071533,,,,,,,,,0.00015154915940620144,9974.6837952137,9.468888064
33750,10.364236936569213,1.1457009065151214,23.334065780639648,,,,,,,,,0.00015141901794220956,9988.773710489273,9.468888064
33800,11.34352970123291,1.1739476454257964,23.217956447601317,,,,,,,,,0.00015128876194390537,10002.868613004684,9.468888064
33850,10.493292140960694,1.1391039788722992,22.922180252075194,,,,,,,,,0.00015115839173268254,10016.961205720901,9.468888064
33900,9.992161951065064,1.125362242460251,22.709041481018065,,,,,,,,,0.00015102790763021665,10031.04532790184,9.468888064
33950,9.722407493591309,1.1054124629497528,22.83254180908203,,,,,,,,,0.00015089730995846405,10045.132541656494,9.468888064
34000,12.705843014717102,1.2530926990509033,24.21861167907715,1.0894597665965557,22.214599521160125,13.390771481990814,8.71112264573574,1.0894597665965557,22.214599521160125,3.7302755236625673,58.822524070739746,0.0001507665990396617,10070.510308504105,9.468888064
34050,9.851851105690002,1.1250317251682282,23.221703872680663,,,,,,,,,0.00015063577519632576,10085.206764936447,9.468888064
34100,10.168302822113038,1.1370430564880372,23.03163845062256,,,,,,,,,0.00015050483875125105,10099.292248010635,9.468888064
34150,11.353207416534424,1.1997135782241821,24.02492883682251,,,,,,,,,0.00015037379002751027,10113.424373626709,9.468888064
34200,9.625973262786864,1.1007286965847016,23.029197254180907,,,,,,,,,0.000150242629348453,10127.585396528244,9.468888064
34250,9.689831829071045,1.095013486146927,22.543729763031006,,,,,,,,,0.00015011135703770525,10141.675727128983,9.468888064
34300,9.724628896713257,1.0876078259944917,22.185300731658934,,,,,,,,,0.00014997997341916839,10155.762504816055,9.468888064
34350,10.607154588699341,1.1525159084796905,23.502439403533934,,,,,,,,,0.00014984847881701854,10169.856621742249,9.468888064
34400,9.594443521499635,1.0812145578861236,22.241654624938963,,,,,,,,,0.00014971687355570527,10183.9802069664,9.468888064
34450,10.240947713851929,1.1131221306324006,22.320444717407227,,,,,,,,,0.00014958515795995188,10198.311388015747,9.468888064
34500,10.01166965007782,1.1274893510341644,23.190028686523437,,,,,,,,,0.00014945333235475328,10212.386771202087,9.468888064
34550,10.204023532867431,1.1387744319438935,23.30506591796875,,,,,,,,,0.00014932139706537608,10226.473762273788,9.468888064
34600,10.971348428726197,1.1824732089042664,23.46463005065918,,,,,,,,,0.00014918935241735743,10240.572603702545,9.468888064
34650,11.48231427192688,1.1778997457027436,22.829211502075196,,,,,,,,,0.00014905719873650443,10254.841077566147,9.468888064
34700,10.119611921310424,1.1116204369068146,22.356180839538574,,,,,,,,,0.0001489249363488931,10269.16210103035,9.468888064
34750,10.575651717185973,1.1405084013938904,22.884777851104737,,,,,,,,,0.00014879256558086791,10283.354754447937,9.468888064
34800,10.734886407852173,1.1381294059753417,22.874782333374025,,,,,,,,,0.00014866008675904033,10297.446382284164,9.468888064
34850,9.905710105895997,1.1320597791671754,23.282615222930907,,,,,,,,,0.00014852750021028882,10311.634244918823,9.468888064
34900,10.078414945602416,1.0947542202472687,22.31985668182373,,,,,,,,,0.00014839480626175746,10325.832491636276,9.468888064
34950,10.098512678146362,1.1285083079338074,22.935361785888674,,,,,,,,,0.00014826200524085533,10340.037138938904,9.468888064
35000,10.035839142799377,1.0914189887046815,21.978450336456298,1.0824886599183083,22.052982609272004,13.181789182424545,8.595143617391587,1.0824886599183083,22.052982609272004,3.858974266052246,58.34495861053467,0.0001481290974752558,10365.328577518463,9.468888064
35050,10.021950826644897,1.1497448837757112,23.79701946258545,,,,,,,,,0.00014799608329289573,10380.18294095993,9.468888064
35100,10.93348349571228,1.1760692048072814,23.393825492858888,,,,,,,,,0.00014786296302197425,10394.277963399887,9.468888064
35150,11.4039995098114,1.1636250913143158,22.823008308410646,,,,,,,,,0.00014772973699095238,10408.376943826675,9.468888064
35200,8.672937660217285,1.03137100815773,21.861633338928222,,,,,,,,,0.0001475964055285519,10422.475267887115,9.468888064
35250,10.549618320465088,1.123270697593689,22.645159854888917,,,,,,,,,0.00014746296896375537,10436.561501026154,9.468888064
35300,9.495064501762391,1.097440129518509,22.697141494750976,,,,,,,,,0.00014732942762580404,10450.644325256348,9.468888064
35350,10.005018949508667,1.130553504228592,23.35694995880127,,,,,,,,,0.0001471957818441979,10464.73272228241,9.468888064
35400,11.1299564743042,1.1835681068897248,23.35810535430908,,,,,,,,,0.00014706203194869458,10478.827246427536,9.468888064
35450,10.50530375480652,1.1593950009346008,23.67129913330078,,,,,,,,,0.0001469281782693086,10492.921422719955,9.468888064
35500,11.344769659042358,1.2149739098548888,24.151692752838134,,,,,,,,,0.00014679422113631076,10507.007292509079,9.468888064
35550,9.561797304153442,1.087833149433136,22.355230865478514,,,,,,,,,0.00014666016088022698,10521.101525783539,9.468888064
35600,10.501818361282348,1.1546531701087952,23.33043643951416,,,,,,,,,0.0001465259978318375,10535.29781627655,9.468888064
35650,11.484704046249389,1.2084807884693145,24.133577613830568,,,,,,,,,0.00014639173232217637,10549.402739048004,9.468888064
35700,9.383454837799071,1.0539937543869018,21.577697944641113,,,,,,,,,0.0001462573646825303,10563.504781961441,9.468888064
35750,10.533216018676757,1.1504328012466432,23.46314079284668,,,,,,,,,0.00014612289524443825,10577.781036138535,9.468888064
35800,10.041260719299316,1.1167409241199493,22.7897625541687,,,,,,,,,0.00014598832433969011,10591.879019021988,9.468888064
35850,9.424079494476318,1.0737411665916443,22.12469087600708,,,,,,,,,0.0001458536523003261,10605.971907615662,9.468888064
35900,9.49921501159668,1.0727922224998474,22.083404426574706,,,,,,,,,0.00014571887945863624,10620.067511320114,9.468888064
35950,11.803083801269532,1.2270404839515685,24.410485858917237,,,,,,,,,0.00014558400614715904,10634.169513463974,9.468888064
36000,9.382511715888977,1.0828824281692504,22.40469741821289,1.095951116681099,22.394580087661744,13.318640089035034,8.646103929877281,1.095951116681099,22.394580087661744,3.889388701915741,59.23046892166138,0.00014544903269868103,10659.42372918129,9.468888064
36050,10.344308180809021,1.1171389877796174,22.084263019561767,,,,,,,,,0.00014531395944623564,10674.09371972084,9.468888064
36100,10.178769979476929,1.130937991142273,22.88530475616455,,,,,,,,,0.00014517878672310288,10688.177122116089,9.468888064
36150,9.348166313171387,1.0857108962535857,22.804195251464844,,,,,,,,,0.00014504351486280801,10702.384435415268,9.468888064
36200,10.521063475608825,1.1426391839981078,22.794730682373046,,,,,,,,,0.00014490814419912079,10717.26093506813,9.468888064
36250,9.711859102249145,1.103114265203476,23.143161964416503,,,,,,,,,0.00014477267506605488,10731.67258810997,9.468888064
36300,10.129829092025757,1.1462193059921264,23.25901487350464,,,,,,,,,0.0001446371077978669,10746.217176914215,9.468888064
36350,9.54476502418518,1.0689568853378295,21.602933921813964,,,,,,,,,0.00014450144272905565,10761.050724744797,9.468888064
36400,9.956264820098877,1.0779556405544282,21.744150638580322,,,,,,,,,0.00014436568019436123,10775.795351266861,9.468888064
36450,9.85544044494629,1.1111030983924866,22.82940881729126,,,,,,,,,0.00014422982052876413,10790.577372074127,9.468888064
36500,11.241125068664552,1.1736904859542847,23.466556911468505,,,,,,,,,0.00014409386406748453,10805.168742656708,9.468888064
36550,11.198654828071595,1.1764813125133515,23.454945755004882,,,,,,,,,0.0001439578111459816,10819.89548110962,9.468888064
36600,10.148826999664307,1.1193377017974853,22.622228984832763,,,,,,,,,0.0001438216620999523,10834.553659439087,9.468888064
36650,10.735819725990295,1.1650199425220489,23.31632080078125,,,,,,,,,0.00014368541726533093,10849.558887720108,9.468888064
36700,10.731113662719727,1.1392540299892426,22.784142990112304,,,,,,,,,0.00014354907697828814,10865.00413608551,9.468888064
36750,11.042077054977417,1.1566116571426392,23.39294460296631,,,,,,,,,0.00014341264157522994,10881.311114788055,9.468888064
36800,9.593307247161865,1.0874877989292144,21.86271152496338,,,,,,,,,0.00014327611139279713,10896.722819805145,9.468888064
36850,10.696017513275146,1.162866824865341,23.633296794891358,,,,,,,,,0.00014313948676786446,10911.88745689392,9.468888064
36900,10.304455718994141,1.1366139042377472,23.131115646362304,,,,,,,,,0.00014300276803753937,10927.25073313713,9.468888064
36950,10.207077322006226,1.1141444504261018,22.60635368347168,,,,,,,,,0.000142865955539162,10941.80235505104,9.468888064
37000,10.145463819503783,1.1155690670013427,22.65803642272949,1.0811547529697418,21.85909017801285,13.216286116838456,8.640380839705466,1.0811547529697418,21.85909017801285,3.7717222118377687,58.51285167694092,0.0001427290496103034,10967.581659555435,9.468888064
37050,9.340037560462951,1.0797773361206056,22.557033252716064,,,,,,,,,0.00014259205058876547,10982.775290489197,9.468888064
37100,9.704336833953857,1.0794570183753966,21.69060260772705,,,,,,,,,0.00014245495881257946,10998.189944267273,9.468888064
37150,10.226367845535279,1.1401569259166717,23.030202255249023,,,,,,,,,0.00014231777462000606,11013.50877571106,9.468888064
37200,10.067806415557861,1.1028634905815125,22.696813945770263,,,,,,,,,0.00014218049834953343,11028.20278954506,9.468888064
37250,10.943588933944703,1.182038426399231,24.042299365997316,,,,,,,,,0.00014204313033987706,11042.313822031021,9.468888064
37300,10.164401760101319,1.1022371101379393,21.947995986938476,,,,,,,,,0.00014190567092997898,11056.394876480103,9.468888064
37350,10.371709756851196,1.156906177997589,23.419992942810058,,,,,,,,,0.00014176812045900647,11070.565518856049,9.468888064
37400,9.549159445762633,1.077104789018631,22.05250249862671,,,,,,,,,0.00014163047926635182,11084.951711654663,9.468888064
37450,10.067629890441895,1.1235275650024414,22.715226230621337,,,,,,,,,0.00014149274769163087,11099.18869638443,9.468888064
37500,10.687582902908325,1.1298781323432923,22.214760379791258,,,,,,,,,0.00014135492607468265,11113.4491481781,9.468888064
37550,9.403881206512452,1.0445060420036316,21.392757205963136,,,,,,,,,0.00014121701475556836,11127.532014846802,9.468888064
37600,10.452820224761963,1.1267309200763702,22.643625774383544,,,,,,,,,0.00014107901407457038,11141.618210792542,9.468888064
37650,11.431168422698974,1.1840427660942077,23.421089630126954,,,,,,,,,0.0001409409243721917,11155.73058795929,9.468888064
37700,10.116354327201844,1.1037509644031525,22.482212314605714,,,,,,,,,0.00014080274598915477,11169.822009801865,9.468888064
37750,10.574455161094665,1.1504368710517883,23.494620876312254,,,,,,,,,0.00014066447926640118,11183.910152673721,9.468888064
37800,9.583372759819031,1.0610466504096985,21.521404991149904,,,,,,,,,0.00014052612454509025,11197.98730969429,9.468888064
37850,10.711296167373657,1.147150444984436,23.238326110839843,,,,,,,,,0.00014038768216659874,11212.241200208664,9.468888064
37900,9.568198299407959,1.0735950148105622,21.6608988571167,,,,,,,,,0.0001402491524725191,11226.323378801346,9.468888064
37950,10.118222522735596,1.1071533572673797,22.258988552093506,,,,,,,,,0.00014011053580465985,11240.407449245453,9.468888064
38000,9.388655414581299,1.0733584177494049,22.1582013130188,1.0929874561727047,22.217089807987215,13.308113622665406,8.71248170375824,1.0929874561727047,22.217089807987215,3.71168799996376,57.89971321105957,0.00013997183250504376,11265.752175331116,9.468888064
38050,9.894551949501038,1.0899115538597106,22.334197959899903,,,,,,,,,0.00013983304291590744,11280.69103884697,9.468888064
38100,10.162622318267822,1.108713698387146,22.20278732299805,,,,,,,,,0.00013969416737970037,11295.216959953308,9.468888064
38150,9.371290435791016,1.064981186389923,22.11504316329956,,,,,,,,,0.00013955520623908386,11309.334432601929,9.468888064
38200,9.510037174224854,1.0595857721567155,21.493935203552248,,,,,,,,,0.00013941615983693124,11323.63687491417,9.468888064
38250,9.238995175361634,1.052347093820572,21.769928016662597,,,,,,,,,0.00013927702851632544,11337.844412565231,9.468888064
38300,10.71874698638916,1.160618839263916,23.33882432937622,,,,,,,,,0.00013913781262055907,11352.347560405731,9.468888064
38350,9.721487722396851,1.0738954937458038,21.934912242889403,,,,,,,,,0.00013899851249313358,11366.71216917038,9.468888064
38400,10.976875576972962,1.1524024534225463,22.812880420684813,,,,,,,,,0.00013885912847775824,11381.186252593994,9.468888064
38450,9.554009132385254,1.0991770720481873,22.61095369338989,,,,,,,,,0.0001387196609183492,11395.916428804398,9.468888064
38500,11.236891713142395,1.1802115273475646,23.124009113311768,,,,,,,,,0.00013858011015902894,11410.423295259476,9.468888064
38550,10.772333202362061,1.1600853192806244,23.470546531677247,,,,,,,,,0.0001384404765441249,11424.914102315903,9.468888064
38600,11.213030877113342,1.1900802445411682,23.787656631469726,,,,,,,,,0.0001383007604181691,11439.370589733124,9.468888064
38650,11.565040092468262,1.1784364008903503,22.761138916015625,,,,,,,,,0.00013816096212589742,11453.85235285759,9.468888064
38700,10.288942813873291,1.1620865845680237,23.49347936630249,,,,,,,,,0.00013802108201224807,11468.318532943726,9.468888064
38750,9.26461528301239,1.0660859417915345,22.38190507888794,,,,,,,,,0.0001378811204223614,11482.830085039139,9.468888064
38800,9.157200946807862,1.0737867832183838,22.68147975921631,,,,,,,,,0.00013774107770157874,11497.27657175064,9.468888064
38850,9.667124457359314,1.0820047795772552,22.05373125076294,,,,,,,,,0.00013760095419544153,11511.780647993088,9.468888064
38900,10.877182674407958,1.1558720147609711,23.04862251281738,,,,,,,,,0.00013746075024969066,11526.436772823334,9.468888064
38950,9.690947933197021,1.0717183566093444,21.855479145050047,,,,,,,,,0.00013732046621026526,11540.893905162811,9.468888064
39000,9.85059190750122,1.0995099401474,22.003578815460205,1.0795931011438369,22.00538131713867,13.288409513235091,8.642409263849258,1.0795931011438369,22.00538131713867,3.7629002249240875,57.870194625854495,0.00013718010242330227,11566.848201274872,9.468888064
39050,10.3338693857193,1.129902764558792,22.827117919921875,,,,,,,,,0.0001370396592351357,11581.87054681778,9.468888064
39100,9.974285430908203,1.115912436246872,22.79924524307251,,,,,,,,,0.00013689913699229487,11596.235105514526,9.468888064
39150,9.285431084632874,1.0559150195121765,21.98684700012207,,,,,,,,,0.00013675853604150457,11610.725439071655,9.468888064
39200,9.540002679824829,1.0928153920173644,22.69150804519653,,,,,,,,,0.00013661785672968354,11625.189122200012,9.468888064
39250,10.70034893989563,1.1456347954273225,22.810636596679686,,,,,,,,,0.00013647709940394395,11639.594928264618,9.468888064
39300,10.428742799758911,1.12825115442276,22.748396911621093,,,,,,,,,0.00013633626441159077,11654.026841402054,9.468888064
39350,9.11772096157074,1.0543649756908418,21.981699562072755,,,,,,,,,0.00013619535210012017,11668.449155330658,9.468888064
39400,11.04403226852417,1.1693791687488555,22.98595584869385,,,,,,,,,0.00013605436281721928,11682.841564416885,9.468888064
39450,9.05614055633545,1.0512722933292389,21.817956314086913,,,,,,,,,0.00013591329691076514,11697.174945354462,9.468888064
39500,9.459608926773072,1.0709552800655364,21.94456781387329,,,,,,,,,0.00013577215472882392,11711.250262498856,9.468888064
39550,10.055162768363953,1.1267217481136322,22.86927303314209,,,,,,,,,0.00013563093661964992,11725.358352422714,9.468888064
39600,9.94956000328064,1.1145742189884187,22.58777877807617,,,,,,,,,0.00013548964293168467,11739.457794904709,9.468888064
39650,10.29944785118103,1.1006513404846192,22.214200763702394,,,,,,,,,0.0001353482740135565,11753.557621002197,9.468888064
39700,9.44471260547638,1.0428378629684447,21.304994659423826,,,,,,,,,0.00013520683021407895,11767.642667770386,9.468888064
39750,10.5431298828125,1.1676190876960755,23.596364479064942,,,,,,,,,0.00013506531188225057,11781.744466781616,9.468888064
39800,10.022072978019715,1.0994332039356232,22.425089492797852,,,,,,,,,0.00013492371936725382,11795.845440387726,9.468888064
39850,10.395746946334839,1.0982757139205932,21.83551445007324,,,,,,,,,0.0001347820530184542,11810.199628353119,9.468888064
39900,10.796449556350709,1.1366515779495239,22.705609169006348,,,,,,,,,0.00013464031318539922,11824.55373597145,9.468888064
39950,9.747324085235595,1.0971090149879457,22.741048126220704,,,,,,,,,0.0001344985002178181,11839.150890111923,9.468888064
40000,11.106446986198426,1.1695885717868806,23.321132354736328,1.058060288578272,21.426096665859223,12.887695308923721,8.402524822950364,1.058060288578272,21.426096665859223,3.659052484035492,57.72493494033814,0.00013435661446561985,11865.186695814133,9.468888064
40050,10.774494380950928,1.143533742427826,22.76254264831543,,,,,,,,,0.00013421465627889387,11880.301431179047,9.468888064
40100,9.34620903968811,1.040414766073227,20.896185283660888,,,,,,,,,0.00013407262600790757,11894.684024810791,9.468888064
40150,9.489460554122925,1.0786973679065703,22.121514987945556,,,,,,,,,0.00013393052400310657,11908.907970666885,9.468888064
40200,9.059763164520264,1.0422574067115784,21.532303943634034,,,,,,,,,0.0001337883506151136,11923.10331583023,9.468888064
40250,9.826778316497803,1.084798355102539,21.987314853668213,,,,,,,,,0.00013364610619472718,11937.316796541214,9.468888064
40300,10.524475178718568,1.1260103976726532,22.722874031066894,,,,,,,,,0.00013350379109292138,11951.546551942825,9.468888064
40350,10.576037864685059,1.135163857936859,22.696856632232667,,,,,,,,,0.00013336140566084446,11966.08728837967,9.468888064
40400,11.877672543525696,1.1820068883895873,22.73555114746094,,,,,,,,,0.00013321895024981834,11980.567489862442,9.468888064
40450,8.070282607078552,0.995334860086441,21.34511728286743,,,,,,,,,0.00013307642521133772,11995.030797481537,9.468888064
40500,10.514906177520752,1.1761857843399048,24.37484317779541,,,,,,,,,0.0001329338308970688,12009.361970424652,9.468888064
40550,10.7128497505188,1.1380804884433746,22.525844478607176,,,,,,,,,0.0001327911676588491,12023.447645187378,9.468888064
40600,9.304327745437622,1.0322620022296904,21.28589672088623,,,,,,,,,0.00013264843584868583,12037.853192567825,9.468888064
40650,9.470673222541809,1.066380945444107,21.57443244934082,,,,,,,,,0.0001325056358187554,12052.099673748016,9.468888064
40700,10.397678136825562,1.1188566482067108,22.676397686004638,,,,,,,,,0.000132362767921403,12066.191924333572,9.468888064
40750,10.097134823799133,1.0979624992609025,21.737829608917238,,,,,,,,,0.00013221983250914074,12080.278845310211,9.468888064
40800,9.583073897361755,1.0890156841278076,22.67478624343872,,,,,,,,,0.0001320768299346476,12094.405097484589,9.468888064
40850,9.51679838180542,1.0902267587184906,22.64464925765991,,,,,,,,,0.00013193376055076864,12108.507095336914,9.468888064
40900,10.396243724822998,1.1192458701133727,22.581992588043214,,,,,,,,,0.00013179062471051282,12122.616924285889,9.468888064
40950,9.268830289840698,1.0528538012504578,21.625107860565187,,,,,,,,,0.00013164742276705388,12136.724530935287,9.468888064
41000,10.099523487091064,1.099563524723053,21.959653701782226,1.0584983819723128,21.371380589008332,12.929699761867523,8.42893474638462,1.0584983819723128,21.371380589008332,3.9036361730098723,58.52281719207764,0.00013150415507372812,12162.740858078003,9.468888064
41050,10.652983283996582,1.1121566438674926,21.664074745178223,,,,,,,,,0.00013136082198403438,12177.771401166916,9.468888064
41100,8.687967801094056,1.0246366453170777,21.40433349609375,,,,,,,,,0.00013121742385163276,12192.08737874031,9.468888064
41150,10.13535436630249,1.0852874851226806,21.635674991607665,,,,,,,,,0.0001310739610303441,12206.28262257576,9.468888064
41200,9.984164810180664,1.1091816580295564,22.603743591308593,,,,,,,,,0.00013093043387414852,12220.502825260162,9.468888064
41250,9.709896540641784,1.0993654382228852,22.727227897644042,,,,,,,,,0.00013078684273718505,12234.63107919693,9.468888064
41300,9.744734578132629,1.0793473708629608,21.83138029098511,,,,,,,,,0.0001306431879737504,12248.712321519852,9.468888064
41350,9.455579175949097,1.0682806515693664,21.92265625,,,,,,,,,0.00013049946993829857,12262.78737950325,9.468888064
41400,10.638382310867309,1.116963839530945,22.043267707824707,,,,,,,,,0.00013035568898543952,12276.863709926605,9.468888064
41450,9.590545606613158,1.0703107810020447,22.02728467941284,,,,,,,,,0.00013021184546993845,12290.937587738037,9.468888064
41500,9.214925012588502,1.057977659702301,21.88616943359375,,,,,,,,,0.00013006793974671503,12305.015208482742,9.468888064
41550,9.394885935783385,1.0730404222011567,22.28982147216797,,,,,,,,,0.00012992397217084225,12319.089962244034,9.468888064
41600,10.58767237663269,1.1462995636463165,23.18100173950195,,,,,,,,,0.00012977994309754565,12333.1684486866,9.468888064
41650,9.293814182281494,1.0533924150466918,21.817389030456543,,,,,,,,,0.0001296358528822028,12347.348467588425,9.468888064
41700,10.709097633361816,1.1207876670360566,22.541955757141114,,,,,,,,,0.00012949170188034182,12361.737676858902,9.468888064
41750,11.208951234817505,1.1747739672660829,23.339992294311525,,,,,,,,,0.0001293474904476412,12375.824115037918,9.468888064
41800,9.951556005477904,1.1222540640830994,22.94291784286499,,,,,,,,,0.0001292032189399281,12389.906497478485,9.468888064
41850,10.356734714508057,1.110929287672043,22.270001182556154,,,,,,,,,0.00012905888771317826,12403.986837625504,9.468888064
41900,9.03937397956848,1.061860054731369,22.456058921813966,,,,,,,,,0.00012891449712351457,12418.075636148453,9.468888064
41950,10.568012642860413,1.1104021573066711,22.070052165985107,,,,,,,,,0.0001287700475272066,12432.158427715302,9.468888064
42000,9.357852702140809,1.0648828125,21.810367755889892,1.075277451723814,22.01622720003128,13.290034991502761,8.645340983867646,1.075277451723814,22.01622720003128,3.8580254900455473,59.18868396759033,0.00012862553928066932,12457.393461227417,9.468888064
42050,9.081689500808716,1.0400363421440124,21.549552574157715,,,,,,,,,0.00012848097274046228,12472.236480474472,9.468888064
42100,9.763590965270996,1.0929512763023377,22.244820098876954,,,,,,,,,0.00012833634826328925,12486.31766462326,9.468888064
42150,10.836852035522462,1.1734506380558014,23.687088947296143,,,,,,,,,0.00012819166620599667,12500.408097028732,9.468888064
42200,9.211495399475098,1.0448475861549378,21.41675235748291,,,,,,,,,0.00012804692692557315,12514.48121714592,9.468888064
42250,10.308566217422486,1.1189546608924865,22.532891902923584,,,,,,,,,0.0001279021307791485,12528.566128969193,9.468888064
42300,10.136760683059693,1.1071691834926605,22.44366651535034,,,,,,,,,0.00012775727812399255,12542.643530130386,9.468888064
42350,9.561092824935914,1.087036694288254,22.157916431427,,,,,,,,,0.0001276123693175152,12556.729416847229,9.468888064
42400,9.997233462333678,1.0806631255149841,21.7874084854126,,,,,,,,,0.00012746740471726443,12570.809257507324,9.468888064
42450,9.389399394989013,1.0496881139278411,21.62182207107544,,,,,,,,,0.00012732238468092603,12584.88788485527,9.468888064
42500,9.116489872932434,1.0573109149932862,22.22690814971924,,,,,,,,,0.00012717730956632228,12598.972350120544,9.468888064
42550,9.342604389190674,1.0759407234191896,22.22325242996216,,,,,,,,,0.00012703217973141195,12613.049750804901,9.468888064
42600,9.921632566452026,1.0945800006389619,22.509669876098634,,,,,,,,,0.00012688699553428824,12627.133543252945,9.468888064
42650,9.383842220306397,1.0860192680358887,22.49944658279419,,,,,,,,,0.00012674175733317874,12641.215737819672,9.468888064
42700,10.075732078552246,1.0821524477005005,21.7697855758667,,,,,,,,,0.00012659646548644426,12655.565737009048,9.468888064
42750,10.728059420585632,1.1189133596420289,21.95078727722168,,,,,,,,,0.0001264511203525781,12669.925825834274,9.468888064
42800,9.896773490905762,1.0817515778541564,21.96448968887329,,,,,,,,,0.0001263057222902048,12684.383117437363,9.468888064
42850,9.383630719184875,1.0566771066188811,21.567144756317138,,,,,,,,,0.00012616027165807966,12698.730196714401,9.468888064
42900,9.877839045524597,1.0584378349781036,21.152693634033202,,,,,,,,,0.00012601476881508771,12712.908595323563,9.468888064
42950,9.925866179466247,1.0918193447589875,22.07863359451294,,,,,,,,,0.0001258692141202427,12727.279518127441,9.468888064
43000,9.361979703903199,1.0513048541545869,21.60972093582153,1.0765777020156384,21.642152984142303,13.18149817943573,8.641831459403038,1.0765777020156384,21.642152984142303,4.021111100912094,61.314963836669925,0.0001257236079326864,12752.96737074852,9.468888064
43050,11.740554518699646,1.1940458178520204,22.76929723739624,,,,,,,,,0.0001255779506116876,12767.706649780273,9.468888064
43100,10.03134418964386,1.0929714471101761,21.762070636749268,,,,,,,,,0.00012543224251664118,12781.958604097366,9.468888064
43150,9.512230577468872,1.07285001039505,21.877669086456297,,,,,,,,,0.0001252864840070675,12796.100211143494,9.468888064
43200,9.325938262939452,1.0417026329040526,21.15145673751831,,,,,,,,,0.0001251406754426112,12810.554155111313,9.468888064
43250,9.040353574752807,1.0149033761024475,20.63981513977051,,,,,,,,,0.00012499481718304036,12824.678319215775,9.468888064
43300,10.160235834121703,1.1331128227710723,23.276784152984618,,,,,,,,,0.00012484890958824576,12838.77149438858,9.468888064
43350,9.359261083602906,1.045338203907013,21.680885791778564,,,,,,,,,0.00012470295301823982,12852.852732658386,9.468888064
43400,9.916127953529358,1.090425968170166,21.86534206390381,,,,,,,,,0.000124556947833156,12866.939475297928,9.468888064
43450,9.295644369125366,1.0326318752765655,21.05890516281128,,,,,,,,,0.00012441089439324738,12881.025926351547,9.468888064
43500,9.02412844657898,1.0487549233436584,21.682440166473388,,,,,,,,,0.00012426479305888645,12895.111538887024,9.468888064
43550,8.896905303001404,1.0304476070404052,21.635868263244628,,,,,,,,,0.0001241186441905637,12909.20443725586,9.468888064
43600,10.647507066726684,1.1434470546245574,22.924086570739746,,,,,,,,,0.0001239724481488871,12923.293343305588,9.468888064
43650,10.246668996810913,1.1306617176532745,22.950225830078125,,,,,,,,,0.0001238262052945806,12937.38169336319,9.468888064
43700,9.62817668914795,1.0530999970436097,21.11459747314453,,,,,,,,,0.00012367991598848392,12951.469517946243,9.468888064
43750,9.973236112594604,1.123047001361847,22.748960361480712,,,,,,,,,0.00012353358059155159,12965.555193185806,9.468888064
43800,9.667264842987061,1.0744821560382842,22.043463382720947,,,,,,,,,0.0001233871994648514,12979.64637351036,9.468888064
43850,10.014277229309082,1.1002234792709351,22.373114223480226,,,,,,,,,0.00012324077296956438,12993.730940580368,9.468888064
43900,9.771193194389344,1.0870979940891266,22.051257305145263,,,,,,,,,0.00012309430146698326,13007.819772481918,9.468888064
43950,11.07013150215149,1.153063997030258,22.586403312683107,,,,,,,,,0.00012294778531851208,13021.910215139389,9.468888064
44000,10.450076246261597,1.1003488278388978,21.901192264556883,1.0637346211075782,21.131880655288697,12.684320036172867,8.260471608042717,1.0637346211075782,21.131880655288697,3.666122627258301,57.49148960113526,0.0001228012248856647,13047.130039215088,9.468888064
44050,9.1218173456192,1.0497918272018432,21.76013370513916,,,,,,,,,0.00012265462053006443,13061.80870604515,9.468888064
44100,11.13358552455902,1.1693805706501008,23.58149631500244,,,,,,,,,0.00012250797261344312,13075.897570371628,9.468888064
44150,10.345983295440673,1.107918781042099,22.279830150604248,,,,,,,,,0.00012236128149763965,13090.13733959198,9.468888064
44200,8.834989109039306,1.0192106091976165,20.85854082107544,,,,,,,,,0.00012221454754460004,13104.221903562546,9.468888064
44250,10.164122095108032,1.0935238981246949,21.78118713378906,,,,,,,,,0.00012206777111637561,13118.310240983963,9.468888064
44300,9.16794960975647,1.0401042306423187,21.31617832183838,,,,,,,,,0.00012192095257512227,13132.40174984932,9.468888064
44350,9.872169179916382,1.0962335574626922,22.281282711029053,,,,,,,,,0.00012177409228310052,13146.486994981766,9.468888064
44400,10.35084882736206,1.134770770072937,22.688578243255616,,,,,,,,,0.00012162719060267354,13160.57385969162,9.468888064
44450,8.881500663757324,1.0139918529987335,21.036912059783937,,,,,,,,,0.00012148024789630653,13174.660413503647,9.468888064
44500,9.678444709777832,1.044105544090271,21.19895414352417,,,,,,,,,0.00012133326452656611,13188.742351531982,9.468888064
44550,9.921871099472046,1.0586323463916778,21.437668952941895,,,,,,,,,0.00012118624085611911,13202.837385177612,9.468888064
44600,9.528944454193116,1.0548232555389405,21.651414394378662,,,,,,,,,0.00012103917724773181,13216.918524980545,9.468888064
44650,10.217648630142213,1.1378479075431824,23.207741451263427,,,,,,,,,0.00012089207406426909,13231.00432229042,9.468888064
44700,9.440402994155884,1.0715994787216188,22.066282196044924,,,,,,,,,0.00012074493166869343,13245.089597463608,9.468888064
44750,9.781515731811524,1.0830517876148225,22.13668830871582,,,,,,,,,0.00012059775042406407,13259.184407949448,9.468888064
44800,9.413195819854737,1.0499293649196624,21.144871082305908,,,,,,,,,0.00012045053069353602,13273.272661924362,9.468888064
44850,9.740085768699647,1.0954720342159272,22.40311902999878,,,,,,,,,0.00012030327284035943,13287.360023975372,9.468888064
44900,9.583108224868774,1.0662527406215667,21.61116111755371,,,,,,,,,0.00012015597722787823,13301.451414108276,9.468888064
44950,10.07478169441223,1.0982626831531526,22.260538730621338,,,,,,,,,0.00012000864421952989,13315.532157182693,9.468888064
45000,10.241461782455444,1.1133639764785768,22.084375114440917,1.050904532521963,21.333972187042235,12.920220973491668,8.43758749783039,1.050904532521963,21.333972187042235,3.7650268232822417,58.03793733596802,0.00011986127417884389,13340.744055271149,9.468888064
45050,10.036590237617492,1.088215857744217,21.948288898468018,,,,,,,,,0.00011971386746944118,13355.483063697815,9.468888064
45100,9.650516819953918,1.0275070035457612,20.78901975631714,,,,,,,,,0.00011956642445503316,13369.572366952896,9.468888064
45150,9.928817052841186,1.1044777822494507,22.99767433166504,,,,,,,,,0.00011941894549942081,13383.65427327156,9.468888064
45200,9.933596415519714,1.1277888357639312,23.23093255996704,,,,,,,,,0.00011927143096649374,13397.887816905975,9.468888064
45250,9.129315247535706,1.0744102859497071,22.554614448547362,,,,,,,,,0.00011912388122022946,13411.984843492508,9.468888064
45300,10.265967769622803,1.101240278482437,21.44860233306885,,,,,,,,,0.00011897629662469232,13426.07628107071,9.468888064
45350,8.649547567367554,1.026509140729904,22.04790630340576,,,,,,,,,0.0001188286775440326,13440.161166906357,9.468888064
45400,10.04341398715973,1.100943068265915,22.355562381744384,,,,,,,,,0.00011868102434248575,13454.254049301147,9.468888064
45450,9.664525699615478,1.0583992457389833,21.113470611572264,,,,,,,,,0.00011853333738437123,13468.353804826736,9.468888064
45500,10.04751371860504,1.0916450035572052,22.150404891967774,,,,,,,,,0.00011838561703409207,13482.46414232254,9.468888064
45550,9.922147388458251,1.0856426990032195,21.88440752029419,,,,,,,,,0.00011823786365613344,13496.566966056824,9.468888064
45600,9.686717262268067,1.0758955526351928,21.897092876434325,,,,,,,,,0.00011809007761506221,13510.667873382568,9.468888064
45650,9.420645565986634,1.0609376907348633,21.60953567504883,,,,,,,,,0.00011794225927552565,13524.769543647766,9.468888064
45700,9.803624458312989,1.077975970506668,21.821213798522948,,,,,,,,,0.00011779440900225095,13538.87367939949,9.468888064
45750,10.394425315856934,1.0981621766090393,21.629130058288574,,,,,,,,,0.00011764652716004388,13552.970768213272,9.468888064
45800,8.647114210128784,0.9995776772499084,20.677262477874756,,,,,,,,,0.0001174986141137882,13567.068307876587,9.468888064
45850,9.61779288291931,1.0515640807151794,21.411362648010254,,,,,,,,,0.0001173506702284447,13581.164665937424,9.468888064
45900,10.11377398967743,1.083991777896881,21.70951343536377,,,,,,,,,0.0001172026958690501,13595.265800952911,9.468888064
45950,10.555026440620422,1.0952143836021424,21.620165843963623,,,,,,,,,0.00011705469140071653,13609.371373414993,9.468888064
46000,10.32133360862732,1.109043699502945,22.510789012908937,1.0518048436939715,21.43110967159271,13.021199570894241,8.489461252689361,1.0518048436939715,21.43110967159271,3.9428904926776887,59.01782413482666,0.00011690665718863024,13634.581677913666,9.468888064
46050,8.850575861930848,1.0166892170906068,21.181659049987793,,,,,,,,,0.00011675859359805094,13649.278134346008,9.468888064
46100,9.91445249557495,1.0699681973457336,21.43243818283081,,,,,,,,,0.00011661050099431084,13663.379551887512,9.468888064
46150,9.90715283870697,1.0871199679374695,21.847511730194093,,,,,,,,,0.00011646237974281362,13677.476996898651,9.468888064
46200,8.802728700637818,1.0184600841999054,21.26350694656372,,,,,,,,,0.00011631423020903387,13691.562302589417,9.468888064
46250,10.503867654800414,1.1203337121009826,22.17140504837036,,,,,,,,,0.00011616605275851575,13705.807275533676,9.468888064
46300,10.181761040687562,1.070774381160736,21.152762908935546,,,,,,,,,0.00011601784775687257,13719.890995502472,9.468888064
46350,8.76424684047699,1.013773603439331,21.18465581893921,,,,,,,,,0.00011586961556978518,13733.975004673004,9.468888064
46400,8.859504928588867,1.018633362054825,20.886958770751953,,,,,,,,,0.0001157213565630019,13748.053808450699,9.468888064
46450,9.58518379688263,1.070676519870758,21.75488073348999,,,,,,,,,0.00011557307110233702,13762.137953519821,9.468888064
46500,10.682393760681153,1.1101598298549653,22.129764747619628,,,,,,,,,0.0001154247595536703,13776.226514577866,9.468888064
46550,8.862671270370484,1.0122701799869538,20.93707893371582,,,,,,,,,0.00011527642228294574,13790.305243492126,9.468888064
46600,9.48336067199707,1.0694998264312745,22.217047138214113,,,,,,,,,0.0001151280596561707,13804.39470410347,9.468888064
46650,9.165401830673218,1.0422914588451386,21.652020206451414,,,,,,,,,0.00011497967203941527,13818.477275848389,9.468888064
46700,9.71975570678711,1.0735164344310761,21.97748840332031,,,,,,,,,0.00011483125979881111,13832.567656993866,9.468888064
46750,9.504145545959473,1.0616446650028228,21.61759834289551,,,,,,,,,0.00011468282330055074,13846.65996170044,9.468888064
46800,9.935715036392212,1.053504353761673,20.936940631866456,,,,,,,,,0.00011453436291088634,13860.757615566254,9.468888064
46850,10.477507753372192,1.1220242607593536,22.69376012802124,,,,,,,,,0.00011438587899612924,13874.850692272186,9.468888064
46900,8.915314750671387,1.0077081716060639,20.841070671081543,,,,,,,,,0.00011423737192264886,13888.94276380539,9.468888064
46950,8.813222684860229,0.9943056011199951,20.44760145187378,,,,,,,,,0.00011408884205687144,13903.027695417404,9.468888064
47000,11.01985987186432,1.1601869863271714,22.968021831512452,1.0556411865353583,21.375783314704893,12.914634190797806,8.405837010145188,1.0556411865353583,21.375783314704893,3.9261588871479036,59.73741857528687,0.00011394028976527975,13928.248963594437,9.468888064
47050,9.169882807731629,1.0520081055164336,21.88621603012085,,,,,,,,,0.00011379171541441187,13942.939673423767,9.468888064
47100,10.04908127784729,1.1040090799331665,22.35451873779297,,,,,,,,,0.00011364311937086005,13957.028378725052,9.468888064
47150,9.456817960739135,1.0657855117321013,21.801723251342775,,,,,,,,,0.00011349450200127044,13971.113841056824,9.468888064
47200,9.649047226905823,1.071085785627365,21.65345859527588,,,,,,,,,0.0001133458636723415,13985.19528222084,9.468888064
47250,9.822454595565796,1.0917137134075166,22.104396495819092,,,,,,,,,0.00011319720475082358,13999.277819395065,9.468888064
47300,9.808669757843017,1.0637428653240204,21.58453987121582,,,,,,,,,0.00011304852560351784,14013.534204483032,9.468888064
47350,9.279923510551452,1.0406641888618469,21.41346654891968,,,,,,,,,0.00011289982659727521,14027.615813016891,9.468888064
47400,10.84748990535736,1.117568101286888,21.62196662902832,,,,,,,,,0.00011275110809899584,14041.704424619675,9.468888064
47450,9.94424859046936,1.086548546552658,21.723065338134766,,,,,,,,,0.00011260237047562766,14055.788374185562,9.468888064
47500,8.765139932632446,1.0346037447452545,21.49656171798706,,,,,,,,,0.0001124536140941661,14069.876281738281,9.468888064
47550,10.013790225982666,1.077038093805313,21.701639823913574,,,,,,,,,0.00011230483932165275,14083.961795568466,9.468888064
47600,9.43998456954956,1.034400761127472,21.02918712615967,,,,,,,,,0.00011215604652517448,14098.045345306396,9.468888064
47650,8.744761552810669,1.0209200155735016,21.029435272216798,,,,,,,,,0.0001120072360718627,14112.127093791962,9.468888064
47700,9.513143253326415,1.065661871433258,21.760679244995117,,,,,,,,,0.00011185840832889259,14126.217041015625,9.468888064
47750,9.435265064239502,1.0472680389881135,21.214623889923097,,,,,,,,,0.00011170956366348162,14140.307638406754,9.468888064
47800,9.379766349792481,1.0341500997543336,21.0154030418396,,,,,,,,,0.00011156070244288927,14154.39824461937,9.468888064
47850,10.137665767669677,1.0941516304016112,22.039776573181154,,,,,,,,,0.00011141182503441586,14168.486649036407,9.468888064
47900,9.499215445518495,1.0434755992889404,21.398372287750245,,,,,,,,,0.00011126293180540158,14182.575292825699,9.468888064
47950,9.697873167991638,1.0564927715063095,21.727012100219728,,,,,,,,,0.0001111140231232256,14196.661754608154,9.468888064
48000,8.376117525100709,1.002765771150589,21.13279613494873,1.0460919423401356,21.2040770983696,12.928220609426498,8.416072624325752,1.0460919423401356,21.2040770983696,3.9654712510108947,60.319547691345214,0.0001109650993553054,14221.915009737015,9.468888064
48050,9.533371729850769,1.0575908768177031,21.51071584701538,,,,,,,,,0.00011081616086909551,14236.613843679428,9.468888064
48100,9.474714136123657,1.0834357750415802,22.78721101760864,,,,,,,,,0.00011066720803208687,14250.70039510727,9.468888064
48150,9.250018887519836,1.0684688699245453,22.273260555267335,,,,,,,,,0.00011051824121180578,14264.780525922775,9.468888064
48200,10.275005435943603,1.0745425283908845,21.290226249694825,,,,,,,,,0.00011036926077581303,14278.87096452713,9.468888064
48250,10.220571365356445,1.0845713138580322,21.778204231262208,,,,,,,,,0.00011022026709170296,14292.958250045776,9.468888064
48300,9.954531798362732,1.076518189907074,21.682767581939697,,,,,,,,,0.00011007126052710283,14307.044280290604,9.468888064
48350,9.785379009246826,1.0652098965644836,21.371915607452394,,,,,,,,,0.00010992224144967144,14321.275874853134,9.468888064
48400,9.394134764671326,1.0402661097049712,20.84229721069336,,,,,,,,,0.00010977321022709851,14335.3870074749,9.468888064
48450,9.394974570274353,1.0254610800743102,20.7049822807312,,,,,,,,,0.00010962416722710394,14349.468073606491,9.468888064
48500,10.764583382606506,1.1058169496059418,21.95922840118408,,,,,,,,,0.00010947511281743635,14363.551638841629,9.468888064
48550,9.470241684913635,1.0649639427661897,22.165490550994875,,,,,,,,,0.00010932604736587277,14377.644742250443,9.468888064
48600,9.390554285049438,1.0577893662452698,21.659555988311766,,,,,,,,,0.00010917697124021741,14391.73809671402,9.468888064
48650,10.703191146850585,1.1298452532291412,22.249731292724608,,,,,,,,,0.0001090278848083007,14405.827615261078,9.468888064
48700,9.304896478652955,1.0286401402950287,21.005497169494628,,,,,,,,,0.00010887878843797867,14419.913629055023,9.468888064
48750,8.985573287010192,1.0251397013664245,21.303666286468506,,,,,,,,,0.00010872968249713168,14433.999928474426,9.468888064
48800,9.586400728225708,1.0394326865673065,20.919167308807374,,,,,,,,,0.00010858056735366395,14448.083589553833,9.468888064
48850,9.368201179504394,1.0572320985794068,21.830023193359374,,,,,,,,,0.00010843144337550217,14462.17457818985,9.468888064
48900,8.954128255844116,1.0083966052532196,20.658325119018556,,,,,,,,,0.000108282310930595,14476.257600307465,9.468888064
48950,9.490981616973876,1.0695251190662385,21.892635040283203,,,,,,,,,0.00010813317038691189,14490.337383508682,9.468888064
49000,9.021157364845276,1.0265359771251679,21.16559440612793,1.0349279054999352,21.050968341827392,12.909340418577194,8.427384436130524,1.0349279054999352,21.050968341827392,4.031760414838791,59.90244148254394,0.00010798402211244222,14515.602326393127,9.468888064
49050,11.222934942245484,1.1651173031330109,22.964762325286866,,,,,,,,,0.0001078348664751947,14530.293690443039,9.468888064
49100,9.962708959579468,1.0985130286216735,22.23756507873535,,,,,,,,,0.00010768570384319593,14544.386526584625,9.468888064
49150,9.262595071792603,1.0407387685775757,21.538446025848387,,,,,,,,,0.00010753653458448996,14558.472799777985,9.468888064
49200,9.316087942123414,1.0588535130023957,21.977144298553466,,,,,,,,,0.000107387359067137,14572.5584025383,9.468888064
49250,9.593131098747254,1.0569601595401763,21.509138965606688,,,,,,,,,0.00010723817765921287,14586.641875267029,9.468888064
49300,8.925094771385194,1.0270739889144898,21.114984188079834,,,,,,,,,0.0001070889907288078,14600.72592997551,9.468888064
49350,9.139508962631226,1.0215933430194855,20.94222412109375,,,,,,,,,0.00010693979864402589,14614.810796499252,9.468888064
49400,10.480189218521119,1.1201436054706573,22.156481895446777,,,,,,,,,0.0001067906017729836,14629.054105758667,9.468888064
49450,9.819415917396546,1.0624028396606446,21.357493000030516,,,,,,,,,0.00010664140048380938,14643.140353918076,9.468888064
49500,8.878618922233581,1.001859083175659,20.630637531280517,,,,,,,,,0.0001064921951446427,14657.226988554,9.468888064
49550,9.043408665657044,1.0165987205505371,20.994311351776123,,,,,,,,,0.00010634298612363278,14671.311581611633,9.468888064
49600,8.764856314659118,1.015802276134491,21.239713649749756,,,,,,,,,0.00010619377378893807,14685.3910446167,9.468888064
49650,9.082889966964721,1.0317364478111266,21.54696657180786,,,,,,,,,0.00010604455850872531,14699.492461442947,9.468888064
49700,8.930957612991334,1.0150747632980346,21.265468349456786,,,,,,,,,0.00010589534065116819,14713.587144136429,9.468888064
49750,9.68237600326538,1.0431670928001404,20.88489583969116,,,,,,,,,0.00010574612058444708,14727.692913770676,9.468888064
49800,10.435195608139038,1.1006487095355988,21.54928388595581,,,,,,,,,0.00010559689867674758,14741.801188230515,9.468888064
49850,10.284193658828736,1.0919382452964783,21.621510715484618,,,,,,,,,0.00010544767529625995,14755.904873609543,9.468888064
49900,9.679230079650878,1.0942420053482056,22.4430686378479,,,,,,,,,0.00010529845081117804,14770.005398511887,9.468888064
49950,9.945792264938355,1.088318737745285,21.849546279907226,,,,,,,,,0.00010514922558969839,14784.11111831665,9.468888064
50000,10.32705219745636,1.0883585584163666,21.599637756347658,1.0505476312339306,21.466538460254668,12.980167626142501,8.39637859225273,1.0505476312339306,21.466538460254668,4.17524741768837,61.44611610412598,0.00010500000000001947,14809.389803886414,9.468888064
50050,9.423725686073304,1.049922559261322,20.807702655792237,,,,,,,,,0.00010485077441034054,14824.107734918594,9.468888064
50100,9.234709401130676,1.0211930322647094,21.069686012268065,,,,,,,,,0.00010470154918886088,14838.193108558655,9.468888064
50150,10.333762187957763,1.1138792300224305,22.313873252868653,,,,,,,,,0.00010455232470377893,14852.279956579208,9.468888064
50200,8.940426049232483,1.0271869361400605,21.4773681640625,,,,,,,,,0.00010440310132329122,14866.360087633133,9.468888064
50250,8.809228429794311,0.9946781718730926,20.76335865020752,,,,,,,,,0.00010425387941559172,14880.44469332695,9.468888064
50300,9.248300948143005,1.0306220901012422,20.947601261138917,,,,,,,,,0.00010410465934887059,14894.529503583908,9.468888064
50350,9.262644200325012,1.051664125919342,21.74261054992676,,,,,,,,,0.00010395544149131348,14908.62444782257,9.468888064
50400,9.21844012260437,1.04397421002388,21.460695457458495,,,,,,,,,0.00010380622621110065,14922.709515571594,9.468888064
50450,9.27518057346344,1.0318308544158936,20.827750759124754,,,,,,,,,0.00010365701387640607,14936.947578907013,9.468888064
50500,9.795666217803955,1.056414921283722,21.06778974533081,,,,,,,,,0.00010350780485539617,14951.035240411758,9.468888064
50550,8.857976527214051,1.023358211517334,21.116554794311522,,,,,,,,,0.0001033585995162295,14965.120624303818,9.468888064
50600,9.399854536056518,1.024780102968216,20.44228094100952,,,,,,,,,0.00010320939822705526,14979.208993434906,9.468888064
50650,10.388696250915528,1.1197557735443116,22.44143674850464,,,,,,,,,0.00010306020135601291,14993.324206113815,9.468888064
50700,9.586082105636597,1.0431826257705687,20.87609680175781,,,,,,,,,0.00010291100927123088,15007.40506696701,9.468888064
50750,9.370207662582397,1.0216812002658844,21.0317057800293,,,,,,,,,0.00010276182234082589,15021.493802547455,9.468888064
50800,9.477964525222779,1.0547959852218627,21.658563442230225,,,,,,,,,0.00010261264093290175,15035.583848953247,9.468888064
50850,9.239037504196167,1.044688539505005,21.44374586105347,,,,,,,,,0.00010246346541554879,15049.667394161224,9.468888064
50900,9.805944814682007,1.066269679069519,21.802561416625977,,,,,,,,,0.00010231429615684275,15063.750222921371,9.468888064
50950,9.803358240127563,1.0805921947956085,21.62592176437378,,,,,,,,,0.00010216513352484393,15077.835095882416,9.468888064
51000,9.48047574043274,1.02638218998909,20.706795291900633,1.0258244344592093,20.862898726463317,12.706479915380477,8.304976382851601,1.0258244344592093,20.862898726463317,4.083593479394913,60.59334949493408,0.00010201597788759638,15103.103729009628,9.468888064
51050,9.566106209754944,1.0641037976741792,21.462609748840332,,,,,,,,,0.00010186682961312678,15117.797162771225,9.468888064
51100,9.426364374160766,1.060655387043953,21.69697494506836,,,,,,,,,0.00010171768906944361,15131.881468296051,9.468888064
51150,9.729190225601196,1.0517837870121003,21.3577596282959,,,,,,,,,0.00010156855662453643,15145.967773199081,9.468888064
51200,9.458677191734314,1.044404444694519,21.395491485595702,,,,,,,,,0.00010141943264637464,15160.055646896362,9.468888064
51250,9.367644968032836,1.0430304956436158,21.254451560974122,,,,,,,,,0.00010127031750290686,15174.142611980438,9.468888064
51300,9.296884465217591,1.0193344736099244,20.82810064315796,,,,,,,,,0.00010112121156205989,15188.230753183365,9.468888064
51350,9.400357704162598,1.0575795269012451,21.78095691680908,,,,,,,,,0.00010097211519173775,15202.324357271194,9.468888064
51400,8.735714402198791,1.0034710133075715,20.928637657165527,,,,,,,,,0.00010082302875982106,15216.412932395935,9.468888064
51450,9.442155518531798,1.0442909574508668,21.12855026245117,,,,,,,,,0.00010067395263416566,15230.497964382172,9.468888064
51500,9.067578353881835,1.0158546721935273,21.038732872009277,,,,,,,,,0.0001005248871826021,15244.755502939224,9.468888064
51550,9.302685480117798,1.056907764673233,21.525488204956055,,,,,,,,,0.00010037583277293458,15258.837681770325,9.468888064
51600,9.562419533729553,1.0282866334915162,20.7399231338501,,,,,,,,,0.00010022678977293998,15272.921062469482,9.468888064
51650,9.353473253250122,1.020486469268799,20.675494613647462,,,,,,,,,0.00010007775855036717,15287.017344474792,9.468888064
51700,8.906055135726929,1.0060103929042816,20.84491382598877,,,,,,,,,9.992873947293578e-05,15301.110760688782,9.468888064
51750,10.097445468902588,1.0734722208976746,21.188387050628663,,,,,,,,,9.97797329083356e-05,15315.215082883835,9.468888064
51800,9.778220453262328,1.0567056715488434,21.279465789794923,,,,,,,,,9.963073922422563e-05,15329.322117090225,9.468888064
51850,10.39310875415802,1.1241108071804047,22.637815494537353,,,,,,,,,9.94817587882328e-05,15343.423452615738,9.468888064
51900,8.37802050113678,0.9687065386772156,19.98657241821289,,,,,,,,,9.933279196795167e-05,15357.525464057922,9.468888064
51950,10.338800554275513,1.103979502916336,21.798793621063233,,,,,,,,,9.9183839130943e-05,15371.628650188446,9.468888064
52000,9.103976373672486,1.0248086178302764,21.20541597366333,1.027851165831089,21.140427763462068,12.828517589569092,8.334490991830826,1.027851165831089,21.140427763462068,4.083500250577926,60.8840963935852,9.903490064473304e-05,15396.843056678772,9.468888064
52050,9.783976902961731,1.0939521420001983,22.604752559661865,,,,,,,,,9.888597687681285e-05,15411.546573400497,9.468888064
52100,8.185504822731017,0.9608385348320008,20.14330842971802,,,,,,,,,9.873706819463692e-05,15425.635357141495,9.468888064
52150,10.104718770980835,1.053366800546646,20.943680725097657,,,,,,,,,9.858817496562254e-05,15439.733857631683,9.468888064
52200,9.512038516998292,1.0471394848823548,21.567354335784913,,,,,,,,,9.843929755714915e-05,15453.840664863586,9.468888064
52250,9.378800888061523,1.0285373711586,20.86040630340576,,,,,,,,,9.829043633655675e-05,15467.942573070526,9.468888064
52300,9.374308538436889,1.0477518141269684,21.259753513336182,,,,,,,,,9.814159167114584e-05,15482.036442995071,9.468888064
52350,9.5853466463089,1.0542086625099183,21.391497707366945,,,,,,,,,9.79927639281757e-05,15496.134848356247,9.468888064
52400,8.915028982162475,1.0248463308811189,21.166760177612304,,,,,,,,,9.784395347486393e-05,15510.227658748627,9.468888064
52450,9.405502476692199,1.0479618227481842,21.340714569091798,,,,,,,,,9.769516067838563e-05,15524.321077108383,9.468888064
52500,9.574531750679016,1.0651908445358276,21.867704219818116,,,,,,,,,9.75463859058722e-05,15538.427475214005,9.468888064
52550,8.129775333404542,0.9702043533325195,20.792187538146973,,,,,,,,,9.73976295244107e-05,15552.66812491417,9.468888064
52600,10.394577541351318,1.1203551089763641,22.36705322265625,,,,,,,,,9.724889190104265e-05,15566.758087396622,9.468888064
52650,9.048554072380066,1.0109820139408112,20.47873125076294,,,,,,,,,9.710017340276318e-05,15580.83977150917,9.468888064
52700,9.168191428184508,1.0162595760822297,20.474876041412355,,,,,,,,,9.695147439652053e-05,15594.923458814621,9.468888064
52750,10.156817359924316,1.096763286590576,21.811421604156493,,,,,,,,,9.68027952492148e-05,15609.014334201813,9.468888064
52800,9.38762584209442,1.0398264503479004,20.817775402069092,,,,,,,,,9.665413632769683e-05,15623.098685264587,9.468888064
52850,9.242579097747802,1.034766410589218,20.71310417175293,,,,,,,,,9.650549799876786e-05,15637.181473255157,9.468888064
52900,9.40493492603302,1.0525252151489257,21.629160537719727,,,,,,,,,9.635688062917825e-05,15651.265850782394,9.468888064
52950,8.896374588012696,1.0171552991867066,20.763852844238283,,,,,,,,,9.620828458562647e-05,15665.342906475067,9.468888064
53000,8.79375913619995,0.9920042622089386,20.422243156433105,1.0388864108920097,21.07891031265259,12.74383143544197,8.284511336684227,1.0388864108920097,21.07891031265259,4.014217436313629,60.49554891586304,9.605971023475847e-05,15690.539505243301,9.468888064
53050,8.83567229270935,0.992223893404007,20.419016513824463,,,,,,,,,9.591115794316675e-05,15705.220447063446,9.468888064
53100,9.858110723495484,1.0601082575321197,21.368369522094728,,,,,,,,,9.576262807738934e-05,15719.302981376648,9.468888064
53150,10.185164270401001,1.0872291755676269,21.59223638534546,,,,,,,,,9.561412100390886e-05,15733.387183189392,9.468888064
53200,10.540812692642213,1.1035545659065247,21.79734085083008,,,,,,,,,9.546563708915181e-05,15747.472583770752,9.468888064
53250,8.830504570007324,1.0027497267723084,20.815840663909913,,,,,,,,,9.531717669948748e-05,15761.557678222656,9.468888064
53300,10.139897022247315,1.0929409289360046,21.75637617111206,,,,,,,,,9.516874020122707e-05,15775.640276432037,9.468888064
53350,9.060697522163391,0.9952943098545074,20.502282676696776,,,,,,,,,9.502032796062291e-05,15789.722944498062,9.468888064
53400,8.78274082660675,1.0116453337669373,21.173091831207277,,,,,,,,,9.487194034386748e-05,15803.815441608429,9.468888064
53450,8.66040184020996,0.9993304800987244,21.072878036499024,,,,,,,,,9.472357771709246e-05,15817.90331697464,9.468888064
53500,10.029987120628357,1.0784357953071595,22.050455780029296,,,,,,,,,9.457524044636786e-05,15831.999223947525,9.468888064
53550,9.725472774505615,1.069791305065155,21.4622700881958,,,,,,,,,9.442692889770113e-05,15846.0733025074,9.468888064
53600,8.767981495857239,0.9893604302406311,20.190617046356202,,,,,,,,,9.427864343703634e-05,15860.32257604599,9.468888064
53650,10.501408033370971,1.1205009841918945,22.063049278259278,,,,,,,,,9.413038443025307e-05,15874.411694049835,9.468888064
53700,10.148703727722168,1.0568657100200654,20.791666793823243,,,,,,,,,9.398215224316577e-05,15888.49591755867,9.468888064
53750,8.743765935897827,0.9995312392711639,20.516369552612304,,,,,,,,,9.383394724152252e-05,15902.5756649971,9.468888064
53800,9.73839629650116,1.0501913219690322,21.240484504699708,,,,,,,,,9.368576979100439e-05,15916.664534330368,9.468888064
53850,9.628011312484741,1.039084802865982,21.09532485961914,,,,,,,,,9.353762025722474e-05,15930.75574541092,9.468888064
53900,9.203341689109802,1.0204107069969177,20.773628730773925,,,,,,,,,9.33894990057276e-05,15944.843442678452,9.468888064
53950,9.715697326660155,1.0666855132579804,21.481062812805177,,,,,,,,,9.324140640198746e-05,15958.933097600937,9.468888064
54000,9.857070989608765,1.0591050827503203,21.347642059326173,1.0230700834095479,20.89047042608261,12.769018512964248,8.326875856518745,1.0230700834095479,20.89047042608261,4.055120215415955,59.91321804046631,9.309334281140816e-05,15984.184527158737,9.468888064
54050,8.621964473724365,0.9994948542118073,20.704762802124023,,,,,,,,,9.294530859932185e-05,15998.865813970566,9.468888064
54100,8.284849338531494,0.976215740442276,20.412510261535644,,,,,,,,,9.279730413098824e-05,16012.948202371597,9.468888064
54150,8.92840253829956,1.0008496832847595,20.30561325073242,,,,,,,,,9.26493297715937e-05,16027.030045509338,9.468888064
54200,9.412371110916137,1.0425706553459166,21.38584384918213,,,,,,,,,9.250138588625016e-05,16041.125434160233,9.468888064
54250,9.840307216644288,1.0650332498550414,21.396024646759034,,,,,,,,,9.235347283999451e-05,16055.211241006851,9.468888064
54300,8.938811950683593,1.0176111149787903,20.752955951690673,,,,,,,,,9.220559099778745e-05,16069.294429779053,9.468888064
54350,9.628431949615479,1.0380525422096252,20.788808193206787,,,,,,,,,9.205774072451268e-05,16083.379076242447,9.468888064
54400,9.203158407211303,1.024808611869812,21.351072177886962,,,,,,,,,9.190992238497624e-05,16097.464413642883,9.468888064
54450,8.403969678878784,0.9858532440662384,20.684141025543212,,,,,,,,,9.1762136343905e-05,16111.545300006866,9.468888064
54500,10.399412126541138,1.0796583425998687,21.386409492492675,,,,,,,,,9.161438296594642e-05,16125.627218961716,9.468888064
54550,9.73251513004303,1.0591288006305695,21.49743263244629,,,,,,,,,9.146666261566727e-05,16139.71278476715,9.468888064
54600,8.717733540534972,1.0282944709062576,21.742425537109376,,,,,,,,,9.131897565755282e-05,16153.789282083511,9.468888064
54650,9.119000577926636,1.034050725698471,21.35593873977661,,,,,,,,,9.117132245600586e-05,16168.030944108963,9.468888064
54700,9.194185161590577,1.0487040948867798,21.6100341796875,,,,,,,,,9.102370337534604e-05,16182.117382764816,9.468888064
54750,9.948367700576782,1.0808953261375427,21.927258167266846,,,,,,,,,9.087611877980884e-05,16196.204669475555,9.468888064
54800,9.607109804153442,1.0362046456336975,21.14982494354248,,,,,,,,,9.072856903354462e-05,16210.293181419373,9.468888064
54850,8.397133922576904,0.9747875475883484,20.16888416290283,,,,,,,,,9.058105450061751e-05,16224.3742852211,9.468888064
54900,9.428537955284119,1.0237982738018037,20.850630645751952,,,,,,,,,9.043357554500518e-05,16238.462562084198,9.468888064
54950,8.368925890922547,0.9513650870323181,19.67143953323364,,,,,,,,,9.028613253059712e-05,16252.543294668198,9.468888064
55000,10.21201982498169,1.072485933303833,21.11011957168579,1.0092138727009297,20.484145097732544,12.418796741962433,8.103002910017967,1.0092138727009297,20.484145097732544,4.044491134881973,60.44152225494385,9.01387258211944e-05,16277.781548023224,9.468888064
55050,9.787523350715638,1.0698707175254822,21.843774528503417,,,,,,,,,8.999135578050838e-05,16292.521132707596,9.468888064
55100,9.46656584739685,1.0469694578647613,21.322670459747314,,,,,,,,,8.984402277216007e-05,16306.611959218979,9.468888064
55150,11.447581653594971,1.1509004974365233,22.100274658203126,,,,,,,,,8.969672715967896e-05,16320.701815366745,9.468888064
55200,8.748402848243714,0.9945046710968017,20.46075843811035,,,,,,,,,8.95494693065023e-05,16334.78775548935,9.468888064
55250,9.216279563903809,1.0284339320659637,21.31829231262207,,,,,,,,,8.94022495759742e-05,16348.87257194519,9.468888064
55300,8.743984637260438,0.9975614047050476,20.526279640197753,,,,,,,,,8.925506833134474e-05,16362.953388929367,9.468888064
55350,9.118210563659668,1.0365624845027923,21.350288829803468,,,,,,,,,8.9107925935769e-05,16377.037125587463,9.468888064
55400,8.782659702301025,1.0047239351272583,20.739819202423096,,,,,,,,,8.89608227523063e-05,16391.1182012558,9.468888064
55450,9.809461297988891,1.0488083064556122,21.03412670135498,,,,,,,,,8.881375914391904e-05,16405.21183013916,9.468888064
55500,8.44475655078888,0.9707129299640656,20.16568202972412,,,,,,,,,8.866673547347206e-05,16419.294400691986,9.468888064
55550,8.714492506980896,0.9876933836936951,20.351898231506347,,,,,,,,,8.851975210373163e-05,16433.37954235077,9.468888064
55600,9.755504364967345,1.0410428953170776,20.704229583740233,,,,,,,,,8.837280939736464e-05,16447.47280406952,9.468888064
55650,9.349439091682434,1.0377809166908265,20.87187084197998,,,,,,,,,8.822590771693767e-05,16461.552746772766,9.468888064
55700,9.376129293441773,1.0394414460659027,21.508534812927245,,,,,,,,,8.807904742491592e-05,16475.825339078903,9.468888064
55750,9.477683215141296,1.0252013170719148,20.494964714050294,,,,,,,,,8.793222888366262e-05,16489.930258989334,9.468888064
55800,8.443343992233276,0.9695490896701813,19.99554039001465,,,,,,,,,8.778545245543782e-05,16504.01849770546,9.468888064
55850,9.578282985687256,1.040723671913147,21.441898555755614,,,,,,,,,8.763871850239784e-05,16518.116933584213,9.468888064
55900,8.924977464675903,1.0151190078258514,20.796553592681885,,,,,,,,,8.749202738659413e-05,16532.21446633339,9.468888064
55950,9.306696953773498,1.0305200040340423,20.824017238616943,,,,,,,,,8.734537946997242e-05,16546.316119670868,9.468888064
56000,8.597021627426148,0.9860205698013306,20.403088417053223,1.0086682978272439,20.498557491302492,12.464190680980682,8.14843954205513,1.0086682978272439,20.498557491302492,4.137098059654236,60.53689586639404,8.719877511437193e-05,16571.577858924866,9.468888064
56050,9.228076257705688,1.0169619381427766,20.694667320251465,,,,,,,,,8.705221468152422e-05,16586.25137281418,9.468888064
56100,8.986179251670837,0.9812862682342529,20.133778896331787,,,,,,,,,8.690569853305264e-05,16600.328260421753,9.468888064
56150,10.259608812332154,1.0762875556945801,21.35744623184204,,,,,,,,,8.675922703047119e-05,16614.410774230957,9.468888064
56200,8.792576146125793,1.00025932431221,20.793440742492677,,,,,,,,,8.661280053518388e-05,16628.485475301743,9.468888064
56250,8.491564745903014,0.9808399319648743,20.557501068115233,,,,,,,,,8.646641940848342e-05,16642.56738638878,9.468888064
56300,10.561940717697144,1.09300231218338,21.464410381317137,,,,,,,,,8.632008401155065e-05,16656.654347658157,9.468888064
56350,8.870886282920837,1.0141318809986115,21.15046407699585,,,,,,,,,8.617379470545366e-05,16670.742221832275,9.468888064
56400,8.346238374710083,0.9743030643463135,20.725771179199217,,,,,,,,,8.602755185114679e-05,16684.83060646057,9.468888064
56450,10.159774889945984,1.081812961101532,21.5975687789917,,,,,,,,,8.588135580946978e-05,16698.918792963028,9.468888064
56500,9.448158588409424,1.0511038494110108,21.2384499168396,,,,,,,,,8.57352069411468e-05,16713.002434253693,9.468888064
56550,10.003129405975342,1.087863142490387,21.751002864837645,,,,,,,,,8.558910560678564e-05,16727.087491989136,9.468888064
56600,9.325759162902832,1.040819398164749,21.028267440795897,,,,,,,,,8.544305216687675e-05,16741.173184156418,9.468888064
56650,10.111717433929444,1.07825918674469,21.44805320739746,,,,,,,,,8.52970469817925e-05,16755.25897860527,9.468888064
56700,8.366603026390075,0.9527338099479675,19.769624767303466,,,,,,,,,8.515109041178618e-05,16769.334522485733,9.468888064
56750,10.493419723510742,1.1153401327133179,21.680904216766358,,,,,,,,,8.500518281699131e-05,16783.56837630272,9.468888064
56800,8.711658773422242,1.0010418432950974,20.89613664627075,,,,,,,,,8.485932455742006e-05,16797.653839826584,9.468888064
56850,8.63308111667633,0.9674968159198761,19.86810302734375,,,,,,,,,8.471351599296343e-05,16811.73439836502,9.468888064
56900,10.004479560852051,1.0586298930644988,21.3016682434082,,,,,,,,,8.456775748338944e-05,16825.82515501976,9.468888064
56950,9.953976850509644,1.0381195533275605,20.9328023147583,,,,,,,,,8.442204938834267e-05,16839.913400888443,9.468888064
57000,9.649522576332092,1.0371137642860413,20.824882068634032,1.0332195010781289,20.829581775665282,12.606304913759232,8.213051376342774,1.0332195010781289,20.829581775665282,4.0748444938659665,60.20884588241577,8.427639206734352e-05,16865.16048693657,9.468888064
57050,8.550771026611327,0.9823480427265168,20.34571117401123,,,,,,,,,8.413078587978687e-05,16879.841519355774,9.468888064
57100,8.959490003585815,0.9953515994548797,20.442189540863037,,,,,,,,,8.398523118494154e-05,16893.92582321167,9.468888064
57150,8.592503643035888,0.9734201693534851,20.07900604248047,,,,,,,,,8.383972834194925e-05,16908.019030570984,9.468888064
57200,9.057506613731384,1.0116289162635803,20.74232795715332,,,,,,,,,8.369427770982374e-05,16922.107291698456,9.468888064
57250,8.920661973953248,1.0018658602237702,20.445165996551513,,,,,,,,,8.354887964745009e-05,16936.190692186356,9.468888064
57300,9.066017532348633,1.022930998802185,20.913991374969484,,,,,,,,,8.34035345135835e-05,16950.273483514786,9.468888064
57350,10.330618515014649,1.0647871506214142,21.117604656219484,,,,,,,,,8.325824266684869e-05,16964.37669157982,9.468888064
57400,9.304359970092774,1.0498588228225707,21.803832931518556,,,,,,,,,8.311300446573879e-05,16978.47833967209,9.468888064
57450,8.18441563129425,0.9769774091243744,20.41308172225952,,,,,,,,,8.29678202686146e-05,16992.576416492462,9.468888064
57500,9.460590715408324,1.0429962170124054,21.267848777770997,,,,,,,,,8.282269043370377e-05,17006.683938503265,9.468888064
57550,9.868302001953126,1.0651542162895202,21.58284906387329,,,,,,,,,8.267761531909972e-05,17020.79531311989,9.468888064
57600,9.237785844802856,1.0243453991413116,20.625567569732667,,,,,,,,,8.253259528276086e-05,17034.900646448135,9.468888064
57650,8.67785364151001,1.0029480576515197,20.421549587249757,,,,,,,,,8.238763068250974e-05,17048.994390249252,9.468888064
57700,9.114548149108886,1.021436551809311,20.92284944534302,,,,,,,,,8.224272187603208e-05,17063.09625196457,9.468888064
57750,9.338295955657959,1.017988522052765,20.522765941619873,,,,,,,,,8.209786922087591e-05,17077.19695329666,9.468888064
57800,9.098146896362305,1.0113283491134644,20.7890665435791,,,,,,,,,8.195307307445087e-05,17091.465107679367,9.468888064
57850,8.460791606903076,0.9763157510757446,20.27756134033203,,,,,,,,,8.180833379402696e-05,17105.56764483452,9.468888064
57900,9.673920044898987,1.0416990411281586,20.978011074066163,,,,,,,,,8.166365173673399e-05,17119.66822910309,9.468888064
57950,9.939226541519165,1.0725096344947815,21.78152458190918,,,,,,,,,8.151902725956059e-05,17133.768998384476,9.468888064
58000,10.569324741363525,1.0942899477481842,21.564611644744872,1.0255380806326866,20.942073583602905,12.720524053573609,8.299586982131004,1.0255380806326866,20.942073583602905,4.133754804134369,60.44699300765991,8.137446071935322e-05,17159.077765464783,9.468888064
58050,9.589767365455627,1.0361025714874268,20.78151039123535,,,,,,,,,8.122995247281556e-05,17173.777395248413,9.468888064
58100,8.582598967552185,0.988762776851654,20.09699296951294,,,,,,,,,8.108550287650721e-05,17187.87795305252,9.468888064
58150,8.800340638160705,0.9875048434734345,20.46897789001465,,,,,,,,,8.094111228684327e-05,17201.98349881172,9.468888064
58200,9.152728328704834,1.0285567140579224,21.078828868865966,,,,,,,,,8.079678106009314e-05,17216.082515716553,9.468888064
58250,8.418402318954469,0.9668881809711456,19.97538866043091,,,,,,,,,8.065250955237977e-05,17230.18017244339,9.468888064
58300,8.978304147720337,1.0202167868614196,20.85584924697876,,,,,,,,,8.050829811967876e-05,17244.28099513054,9.468888064
58350,9.252494082450866,1.0201561617851258,20.932560081481935,,,,,,,,,8.036414711781749e-05,17258.386177301407,9.468888064
58400,9.158564295768738,1.0153288102149964,20.42500608444214,,,,,,,,,8.022005690247418e-05,17272.49214363098,9.468888064
58450,9.281608467102052,1.0332192754745484,20.95683584213257,,,,,,,,,8.007602782917711e-05,17286.58982682228,9.468888064
58500,8.884756560325622,1.008117697238922,20.84736322402954,,,,,,,,,7.993206025330386e-05,17300.690744161606,9.468888064
58550,8.604370737075806,1.0034216129779816,21.14221403121948,,,,,,,,,7.978815453007999e-05,17314.793756246567,9.468888064
58600,9.577800421714782,1.0338702201843262,20.491103057861327,,,,,,,,,7.964431101457859e-05,17328.89716553688,9.468888064
58650,9.25213674068451,1.0025730645656585,20.164817256927492,,,,,,,,,7.950053006171924e-05,17343.00010895729,9.468888064
58700,9.345672788619995,1.013649662733078,20.57331144332886,,,,,,,,,7.935681202626705e-05,17357.099544525146,9.468888064
58750,9.667126078605651,1.0393855345249177,20.944460048675538,,,,,,,,,7.921315726283206e-05,17371.19975924492,9.468888064
58800,9.292773113250732,1.0244289863109588,20.72881072998047,,,,,,,,,7.906956612586824e-05,17385.296988725662,9.468888064
58850,9.074930777549744,1.0079993391036988,20.639459228515626,,,,,,,,,7.892603896967229e-05,17399.568063020706,9.468888064
58900,9.254896082878112,1.0279372560977935,20.804103546142578,,,,,,,,,7.878257614838324e-05,17413.679904937744,9.468888064
58950,10.261069512367248,1.0846491289138793,21.4121116065979,,,,,,,,,7.863917801598133e-05,17427.790176153183,9.468888064
59000,8.355476861000062,0.9553910017013549,19.76503511428833,1.0066032589972018,20.461962888240816,12.424755903482437,8.103177889585496,1.0066032589972018,20.461962888240816,4.13094789147377,61.17098413467407,7.849584492628719e-05,17453.046320676804,9.468888064
59050,9.83595251083374,1.052278118133545,21.14103799819946,,,,,,,,,7.835257723296105e-05,17467.74300312996,9.468888064
59100,9.954073963165284,1.0650622296333312,21.159954833984376,,,,,,,,,7.820937528950165e-05,17481.84827518463,9.468888064
59150,8.479987597465515,0.9633556854724884,20.11494743347168,,,,,,,,,7.806623944924553e-05,17495.944108963013,9.468888064
59200,9.356006374359131,1.0256437742710114,20.686838817596435,,,,,,,,,7.79231700653661e-05,17510.051059007645,9.468888064
59250,8.699234018325805,0.9936257088184357,20.434853019714357,,,,,,,,,7.778016749087297e-05,17524.150379896164,9.468888064
59300,10.60462604522705,1.080800679922104,21.194506969451904,,,,,,,,,7.763723207861071e-05,17538.25316786766,9.468888064
59350,8.38675413608551,0.9626987171173096,20.09321901321411,,,,,,,,,7.749436418125828e-05,17552.352283000946,9.468888064
59400,8.48779531955719,0.9916352593898773,20.490651321411132,,,,,,,,,7.735156415132792e-05,17566.45314002037,9.468888064
59450,9.68761441230774,1.0481115293502807,20.81747444152832,,,,,,,,,7.720883234116464e-05,17580.55554485321,9.468888064
59500,10.899186863899232,1.131209945678711,22.286859245300292,,,,,,,,,7.706616910294485e-05,17594.659728050232,9.468888064
59550,8.604250555038453,0.9905077993869782,20.34005729675293,,,,,,,,,7.692357478867603e-05,17608.765913009644,9.468888064
59600,8.119766159057617,0.9538944911956787,20.023876991271973,,,,,,,,,7.678104975019548e-05,17622.870433092117,9.468888064
59650,9.651735534667969,1.0513196754455567,21.373059158325194,,,,,,,,,7.663859433916943e-05,17636.976522922516,9.468888064
59700,8.919524188041686,1.0183624470233916,20.81782238006592,,,,,,,,,7.649620890709252e-05,17651.072194576263,9.468888064
59750,9.029037618637085,1.021002922654152,21.162988510131836,,,,,,,,,7.635389380528664e-05,17665.171288728714,9.468888064
59800,8.555192112922668,0.9787450832128525,20.200679721832277,,,,,,,,,7.621164938490018e-05,17679.273186445236,9.468888064
59850,8.926884627342224,0.9808871483802796,20.027535018920897,,,,,,,,,7.606947599690707e-05,17693.366268873215,9.468888064
59900,9.405210924148559,1.0211359298229217,20.475944175720215,,,,,,,,,7.592737399210608e-05,17707.624443531036,9.468888064
59950,9.623917169570923,1.0504454720020293,21.212459373474122,,,,,,,,,7.578534372111974e-05,17721.72500896454,9.468888064
60000,10.38557834625244,1.0989259588718414,21.97113639831543,1.0045703633129597,20.461604821681977,12.33694052696228,8.083400490880013,1.0045703633129597,20.461604821681977,4.202588486671448,61.31994235992432,7.564338553439362e-05,17747.079097509384,9.468888064
60050,9.573008856773377,1.0302277493476868,20.699452724456787,,,,,,,,,7.550149978219543e-05,17761.829261779785,9.468888064
60100,8.322804613113403,0.9603060460090638,20.16850589752197,,,,,,,,,7.535968681461424e-05,17775.939403533936,9.468888064
60150,8.536205859184266,0.9864197182655334,20.20915126800537,,,,,,,,,7.521794698155931e-05,17790.058499097824,9.468888064
60200,8.850829658508301,0.9863698101043701,20.101070137023925,,,,,,,,,7.507628063275968e-05,17804.165951013565,9.468888064
60250,8.13295030593872,0.9376450681686401,19.36296199798584,,,,,,,,,7.493468811776295e-05,17818.26903963089,9.468888064
60300,9.82895619392395,1.0536342895030975,20.882436141967773,,,,,,,,,7.479316978593455e-05,17832.385058879852,9.468888064
60350,8.886661138534546,0.9732395827770233,19.600886993408203,,,,,,,,,7.465172598645699e-05,17846.49024105072,9.468888064
60400,8.790623807907105,0.9914008700847625,20.38088592529297,,,,,,,,,7.45103570683287e-05,17860.59552884102,9.468888064
60450,8.878924913406372,1.0001368844509124,20.53594160079956,,,,,,,,,7.436906338036345e-05,17874.703073740005,9.468888064
60500,9.474951710700989,1.0451324260234833,21.133937587738036,,,,,,,,,7.422784527118933e-05,17888.810913085938,9.468888064
60550,8.781420454978942,1.032802972793579,21.81346426010132,,,,,,,,,7.408670308924803e-05,17902.923332691193,9.468888064
60600,9.121544470787049,1.0164301693439484,20.6583150100708,,,,,,,,,7.394563718279393e-05,17917.03159761429,9.468888064
60650,9.488191394805908,1.0398107862472534,21.192539558410644,,,,,,,,,7.380464789989306e-05,17931.142127275467,9.468888064
60700,9.37299705028534,1.0352448368072509,21.000150547027587,,,,,,,,,7.366373558842242e-05,17945.249523878098,9.468888064
60750,9.145411190986634,1.003366185426712,20.4218159866333,,,,,,,,,7.352290059606921e-05,17959.35643672943,9.468888064
60800,9.744096384048461,1.0432999980449678,21.037422828674316,,,,,,,,,7.338214327032975e-05,17973.469742536545,9.468888064
60850,9.840007638931274,1.0425631928443908,21.230661964416505,,,,,,,,,7.324146395850864e-05,17987.5805644989,9.468888064
60900,8.319421281814575,0.9579309117794037,19.74404691696167,,,,,,,,,7.310086300771821e-05,18001.686134815216,9.468888064
60950,9.320575785636901,1.0147576749324798,20.18102424621582,,,,,,,,,7.296034076487734e-05,18015.941318511963,9.468888064
61000,8.641220226287842,0.9811141067743301,20.216691074371337,1.0087801899015902,20.639866106510162,12.58138836145401,8.214265909194946,1.0087801899015902,20.639866106510162,4.2286130297183995,62.024112682342526,7.281989757671067e-05,18041.122720241547,9.468888064
61050,8.729328927993775,0.9997730588912964,20.658925399780273,,,,,,,,,7.267953378974775e-05,18055.828233003616,9.468888064
61100,8.719249596595764,0.9650454771518707,19.682393417358398,,,,,,,,,7.253924975032233e-05,18069.92542719841,9.468888064
61150,9.662022700309754,1.0436362063884734,20.884179725646973,,,,,,,,,7.239904580457133e-05,18084.035169363022,9.468888064
61200,8.980242023468017,0.9901014786958694,20.15216272354126,,,,,,,,,7.225892229843403e-05,18098.13800382614,9.468888064
61250,9.813957023620606,1.071451358795166,21.552022304534912,,,,,,,,,7.211887957765132e-05,18112.243239879608,9.468888064
61300,9.106594033241272,1.0230759298801422,20.84610387802124,,,,,,,,,7.197891798776461e-05,18126.356664419174,9.468888064
61350,9.124050264358521,1.0178631937503815,21.113802070617677,,,,,,,,,7.183903787411522e-05,18140.456442832947,9.468888064
61400,9.70829689502716,1.0454416143894196,20.953981494903566,,,,,,,,,7.169923958184352e-05,18154.559002399445,9.468888064
61450,8.85013813495636,0.9780710816383362,19.85359706878662,,,,,,,,,7.155952345588775e-05,18168.657054185867,9.468888064
61500,8.981630682945251,1.0138423359394073,20.987441062927246,,,,,,,,,7.14198898409836e-05,18182.7589533329,9.468888064
61550,9.485198049545287,1.0290176117420196,20.632108459472658,,,,,,,,,7.128033908166321e-05,18196.85542845726,9.468888064
61600,9.808429737091064,1.0667432403564454,21.33119499206543,,,,,,,,,7.114087152225421e-05,18210.976292848587,9.468888064
61650,9.380933656692505,1.040908111333847,21.050321445465087,,,,,,,,,7.100148750687892e-05,18225.083199501038,9.468888064
61700,8.637723269462585,0.9706316256523132,20.09904775619507,,,,,,,,,7.086218737945366e-05,18239.18176460266,9.468888064
61750,9.128838539123535,0.9841645085811614,19.97846883773804,,,,,,,,,7.072297148368743e-05,18253.283638477325,9.468888064
61800,8.249943494796753,0.966319705247879,20.403601055145263,,,,,,,,,7.058384016308171e-05,18267.380114793777,9.468888064
61850,9.716158852577209,1.0513207638263702,20.91270143508911,,,,,,,,,7.044479376092916e-05,18281.479938030243,9.468888064
61900,8.479965529441834,0.9564918625354767,19.85887664794922,,,,,,,,,7.030583262031301e-05,18295.581354618073,9.468888064
61950,8.977086396217347,0.9900754272937775,20.23817943572998,,,,,,,,,7.016695708410593e-05,18309.673320293427,9.468888064
62000,8.444313373565674,0.9446905052661896,19.26618848800659,1.0048307040333748,20.438104197978973,12.37418416261673,8.106209326982498,1.0048307040333748,20.438104197978973,4.23569672703743,61.943367919921876,7.002816749496966e-05,18335.12361550331,9.468888064
62050,7.609073758125305,0.8995082950592042,18.809332332611085,,,,,,,,,6.988946419535366e-05,18349.809930562973,9.468888064
62100,10.408765873908997,1.0889962816238403,21.77823703765869,,,,,,,,,6.97508475274945e-05,18363.91338610649,9.468888064
62150,9.657565722465515,1.0472375720739364,20.918176288604737,,,,,,,,,6.961231783341507e-05,18378.013966321945,9.468888064
62200,9.729986119270325,1.0471829175949097,20.866764392852783,,,,,,,,,6.947387545492358e-05,18392.112572193146,9.468888064
62250,9.213721799850465,1.0134194016456604,20.496675605773927,,,,,,,,,6.933552073361287e-05,18406.214213609695,9.468888064
62300,9.433342146873475,1.028090353012085,20.66791175842285,,,,,,,,,6.919725401085947e-05,18420.32070660591,9.468888064
62350,8.457162256240844,0.9753024196624756,20.383544921875,,,,,,,,,6.905907562782264e-05,18434.421847343445,9.468888064
62400,9.811480560302734,1.0490780878067016,21.068078632354737,,,,,,,,,6.8920985925444e-05,18448.524488925934,9.468888064
62450,9.215764951705932,1.0249479448795318,21.004685401916504,,,,,,,,,6.878298524444609e-05,18462.623948574066,9.468888064
62500,9.196840744018555,1.0088602554798127,20.24641305923462,,,,,,,,,6.864507392533184e-05,18476.71631360054,9.468888064
62550,8.293061809539795,0.9514948570728302,19.749823055267335,,,,,,,,,6.85072523083838e-05,18490.82316017151,9.468888064
62600,9.694660954475403,1.0500200605392456,21.275722312927247,,,,,,,,,6.8369520733663e-05,18504.92848587036,9.468888064
62650,8.58428638458252,0.9707659077644348,20.06380605697632,,,,,,,,,6.823187954100842e-05,18519.034777402878,9.468888064
62700,8.396204600334167,0.9693022441864013,20.00327154159546,,,,,,,,,6.809432907003618e-05,18533.14269065857,9.468888064
62750,8.684458541870118,0.9809283566474915,19.999639892578124,,,,,,,,,6.795686966013816e-05,18547.244870185852,9.468888064
62800,9.183292918205261,1.0070868635177612,20.877952041625978,,,,,,,,,6.781950165048188e-05,18561.35332918167,9.468888064
62850,8.987028155326843,0.9918487894535065,20.373762874603273,,,,,,,,,6.768222538000933e-05,18575.454694747925,9.468888064
62900,9.126142992973328,1.0138862204551697,20.640702323913573,,,,,,,,,6.754504118743593e-05,18589.558809518814,9.468888064
62950,9.585417695045471,1.036749655008316,20.867702159881592,,,,,,,,,6.740794941125023e-05,18603.659465551376,9.468888064
63000,9.328669366836548,1.039598181247711,21.235017890930177,1.0010130560398103,20.317681829929352,12.37204995393753,8.085471602082253,1.0010130560398103,20.317681829929352,4.191183742284775,60.97577926635742,6.727095038971244e-05,18628.982000350952,9.468888064
63050,9.19758487701416,0.9906639850139618,20.02490245819092,,,,,,,,,6.713404446085398e-05,18643.869740962982,9.468888064
63100,10.195984144210815,1.0745305800437928,21.114685153961183,,,,,,,,,6.699723196247665e-05,18657.983075618744,9.468888064
63150,8.744205827713012,0.9734136652946472,20.01295362472534,,,,,,,,,6.68605132321517e-05,18672.097804546356,9.468888064
63200,8.478977537155151,0.969164423942566,20.33598213195801,,,,,,,,,6.672388860721906e-05,18686.206510305405,9.468888064
63250,8.939608068466187,0.99183065533638,20.316982040405275,,,,,,,,,6.658735842478641e-05,18700.310750722885,9.468888064
63300,9.960379343032837,1.0635822355747222,21.076499404907228,,,,,,,,,6.645092302172833e-05,18714.41947579384,9.468888064
63350,8.419500451087952,0.97910968542099,20.628342666625976,,,,,,,,,6.631458273468565e-05,18728.52044391632,9.468888064
63400,9.629745593070984,1.080377517938614,21.5400736618042,,,,,,,,,6.617833790006444e-05,18742.624669075012,9.468888064
63450,9.104746899604798,0.9848765647411346,19.948594284057616,,,,,,,,,6.604218885403537e-05,18756.73115181923,9.468888064
63500,8.787976450920105,0.9971570897102356,20.320644073486328,,,,,,,,,6.59061359325326e-05,18770.834968805313,9.468888064
63550,8.320669178962708,0.9708733904361725,20.17046728134155,,,,,,,,,6.57701794712531e-05,18784.941207408905,9.468888064
63600,9.342890615463256,1.036040689945221,21.11356813430786,,,,,,,,,6.563431980565611e-05,18799.05494737625,9.468888064
63650,8.0432878780365,0.9333915472030639,19.532710723876953,,,,,,,,,6.54985572709618e-05,18813.172320842743,9.468888064
63700,9.358190813064574,1.0237383115291596,21.068166065216065,,,,,,,,,6.536289220215064e-05,18827.282710313797,9.468888064
63750,8.287650399208069,0.9366498649120331,19.163315715789796,,,,,,,,,6.522732493396282e-05,18841.38933992386,9.468888064
63800,8.74545509815216,0.990249308347702,20.359240589141844,,,,,,,,,6.509185580089699e-05,18855.496175050735,9.468888064
63850,10.07181655883789,1.072957147359848,21.4523964881897,,,,,,,,,6.495648513720982e-05,18869.610805273056,9.468888064
63900,9.322657098770142,1.0116751289367676,20.319724617004393,,,,,,,,,6.4821213276915e-05,18883.714758634567,9.468888064
63950,8.841123886108399,1.0003659868240355,20.36890251159668,,,,,,,,,6.468604055378227e-05,18897.826764583588,9.468888064
64000,9.506275382041931,1.0087422066926957,19.800203437805177,1.0072179886698722,20.62511391878128,12.615983083248139,8.23033855497837,1.0072179886698722,20.62511391878128,4.216807285547256,61.58454544067383,6.455096730133712e-05,18923.12073111534,9.468888064
64050,9.590195851325989,1.0378488910198211,21.00960292816162,,,,,,,,,6.44159938528591e-05,18937.80919933319,9.468888064
64100,9.081537265777587,1.0135948729515076,20.658591690063478,,,,,,,,,6.428112054138196e-05,18952.06697535515,9.468888064
64150,9.635353889465332,1.0247015786170959,20.364449195861816,,,,,,,,,6.414634769969226e-05,18966.167031288147,9.468888064
64200,8.777692008018494,0.9916124939918518,20.494360580444337,,,,,,,,,6.401167566032831e-05,18980.266093492508,9.468888064
64250,9.965973691940308,1.0487733840942384,20.81634714126587,,,,,,,,,6.387710475558031e-05,18994.373546361923,9.468888064
64300,9.683987646102905,1.0365076744556427,21.024566745758058,,,,,,,,,6.374263531748826e-05,19008.473990917206,9.468888064
64350,9.184908981323241,1.0092663007974625,20.13772985458374,,,,,,,,,6.360826767784234e-05,19022.573100090027,9.468888064
64400,8.553445539474488,0.9827603197097778,20.457279396057128,,,,,,,,,6.347400216818135e-05,19036.671630382538,9.468888064
64450,8.436797699928285,0.9529151427745819,19.64190059661865,,,,,,,,,6.333983911979197e-05,19050.782821893692,9.468888064
64500,8.314316911697388,0.9614817678928376,19.907495098114012,,,,,,,,,6.320577886370829e-05,19064.88375711441,9.468888064
64550,8.652351512908936,0.9844113612174987,20.26008487701416,,,,,,,,,6.307182173071062e-05,19078.986461400986,9.468888064
64600,8.382495985031127,0.9687910652160645,20.2770548248291,,,,,,,,,6.293796805132485e-05,19093.089756011963,9.468888064
64650,10.179282574653625,1.0681100046634675,21.030257129669188,,,,,,,,,6.280421815582155e-05,19107.192893743515,9.468888064
64700,9.405800261497497,1.0190234792232513,20.63654586791992,,,,,,,,,6.26705723742155e-05,19121.292957544327,9.468888064
64750,9.527694025039672,1.0172143077850342,20.18223268508911,,,,,,,,,6.253703103626422e-05,19135.391978025436,9.468888064
64800,8.189917283058167,0.927451947927475,19.3419739151001,,,,,,,,,6.240359447146784e-05,19149.491720438004,9.468888064
64850,8.54469967365265,0.9674053966999054,20.029868545532228,,,,,,,,,6.227026300906766e-05,19163.59357047081,9.468888064
64900,9.18777690410614,1.0132947874069214,20.54772729873657,,,,,,,,,6.213703697804579e-05,19177.692495822906,9.468888064
64950,9.778473529815674,1.062250943183899,21.424875926971435,,,,,,,,,6.200391670712439e-05,19191.791694641113,9.468888064
65000,8.961131863594055,0.9939900839328766,20.15203058242798,1.0023360860347748,20.464392154216767,12.499393692016602,8.133380138278007,1.0023360860347748,20.464392154216767,4.200246695280075,61.54109914779663,6.187090252476434e-05,19216.986872673035,9.468888064
65050,8.819934992790222,0.9764086830615998,20.050903358459472,,,,,,,,,6.1737994759165e-05,19231.731948137283,9.468888064
65100,8.775514192581177,1.0020747005939483,20.698681545257568,,,,,,,,,6.160519373826308e-05,19245.828971385956,9.468888064
65150,9.421135873794556,1.0219388222694397,20.532962989807128,,,,,,,,,6.147249978973177e-05,19260.098331212997,9.468888064
65200,8.33852722644806,0.963487582206726,20.26201988220215,,,,,,,,,6.133991324098037e-05,19274.20517897606,9.468888064
65250,9.567574338912964,1.0621033120155334,21.637416763305666,,,,,,,,,6.12074344191529e-05,19288.310107707977,9.468888064
65300,7.8628867769241335,0.9244073128700256,19.427303009033203,,,,,,,,,6.107506365112778e-05,19302.410775899887,9.468888064
65350,8.89378189086914,0.9912302422523499,20.09162191390991,,,,,,,,,6.094280126351644e-05,19316.507549762726,9.468888064
65400,9.196016597747803,1.0065116441249848,20.412353477478028,,,,,,,,,6.081064758266332e-05,19330.63628578186,9.468888064
65450,9.993279623985291,1.0500132536888123,20.925228061676027,,,,,,,,,6.067860293464462e-05,19344.758363962173,9.468888064
65500,10.331049852371216,1.078448156118393,21.43107297897339,,,,,,,,,6.0546667645267284e-05,19358.88027215004,9.468888064
65550,10.130912709236146,1.0567545235157012,20.960609951019286,,,,,,,,,6.041484204006859e-05,19373.009868621826,9.468888064
65600,7.565153050422668,0.9149085116386414,19.442590503692628,,,,,,,,,6.02831264443151e-05,19387.121838092804,9.468888064
65650,9.168352799415588,1.0177619230747224,20.280808601379395,,,,,,,,,6.015152118300191e-05,19401.23661017418,9.468888064
65700,8.643355116844177,0.9721461534500122,20.19951789855957,,,,,,,,,6.002002658085195e-05,19415.364093780518,9.468888064
65750,8.794642057418823,0.9830802583694458,19.901281719207763,,,,,,,,,5.988864296231508e-05,19429.476558208466,9.468888064
65800,9.271538767814636,1.0398109710216523,21.293579044342042,,,,,,,,,5.9757370651567236e-05,19443.5927670002,9.468888064
65850,9.316814489364624,1.0093221217393875,20.443019733428955,,,,,,,,,5.9626209972509934e-05,19457.722517728806,9.468888064
65900,9.041561422348023,1.0021892488002777,20.440045166015626,,,,,,,,,5.949516124876904e-05,19471.845693588257,9.468888064
65950,8.261633214950562,0.9530831503868104,19.70882978439331,,,,,,,,,5.936422480369432e-05,19485.958275556564,9.468888064
66000,9.685382900238038,1.038184769153595,20.665834465026855,0.9919339150190354,20.29346110343933,12.333654808998109,8.015604627132415,0.9919339150190354,20.29346110343933,4.210685737133026,61.71601570129395,5.92334009603583e-05,19511.296842336655,9.468888064
66050,8.697323026657104,0.9851129364967346,20.242584075927734,,,,,,,,,5.9102690041555916e-05,19526.02547812462,9.468888064
66100,8.418253960609436,0.9512601846456528,19.38448476791382,,,,,,,,,5.897209236980334e-05,19540.134973526,9.468888064
66150,8.756512036323548,0.9635764640569687,19.716843681335448,,,,,,,,,5.8841608267337345e-05,19554.244919776917,9.468888064
66200,9.933426084518432,1.0428774213790895,20.600964336395265,,,,,,,,,5.871123805611449e-05,19568.508235692978,9.468888064
66250,8.910042939186097,0.9945232856273651,20.354036560058592,,,,,,,,,5.858098205781024e-05,19582.623415470123,9.468888064
66300,8.650001091957092,0.9505397307872773,19.239656772613525,,,,,,,,,5.845084059381845e-05,19596.74042081833,9.468888064
66350,9.898968119621276,1.0446174371242523,21.033363819122314,,,,,,,,,5.832081398525015e-05,19610.858327150345,9.468888064
66400,8.709857492446899,1.0071776366233827,20.92639368057251,,,,,,,,,5.81909025529331e-05,19624.972143888474,9.468888064
66450,8.231902174949646,0.9521365308761597,19.61020513534546,,,,,,,,,5.8061106617410876e-05,19639.08762025833,9.468888064
66500,8.156399526596068,0.9445226418972016,19.556272315979005,,,,,,,,,5.7931426498941956e-05,19653.199451208115,9.468888064
66550,9.241490488052369,1.0148265671730041,20.583148078918455,,,,,,,,,5.780186251749929e-05,19667.318057775497,9.468888064
66600,7.680821213722229,0.9054865050315857,18.94101552963257,,,,,,,,,5.767241499276901e-05,19681.431590795517,9.468888064
66650,7.9830319213867185,0.9455145525932313,20.182104339599608,,,,,,,,,5.7543084244150035e-05,19695.54263997078,9.468888064
66700,9.03481812953949,1.0158579087257384,20.57433879852295,,,,,,,,,5.7413870590753114e-05,19709.665104150772,9.468888064
66750,8.503489952087403,0.9850235629081726,20.307846984863282,,,,,,,,,5.728477435140007e-05,19723.7748939991,9.468888064
66800,9.408041973114013,1.0248966121673584,20.850012168884277,,,,,,,,,5.7155795844623144e-05,19737.908605098724,9.468888064
66850,8.900471143722534,0.980211033821106,20.16656494140625,,,,,,,,,5.7026935388663924e-05,19752.02737045288,9.468888064
66900,9.671970620155335,1.0360620999336243,20.783113613128663,,,,,,,,,5.689819330147277e-05,19766.1446518898,9.468888064
66950,9.259927768707275,1.0203289574384689,20.759287548065185,,,,,,,,,5.6769569900707915e-05,19780.25965476036,9.468888064
67000,10.064614148139954,1.0586384797096253,21.144232120513916,0.9912092742323876,20.23253378868103,12.305710818767547,8.03305460691452,0.9912092742323876,20.23253378868103,4.232480207681656,61.317083797454835,5.6641065503734925e-05,19805.478413820267,9.468888064
67050,9.358677654266357,0.9878331601619721,19.616333141326905,,,,,,,,,5.6512680427625604e-05,19820.1713013649,9.468888064
67100,9.783334703445435,1.0380696845054627,20.563370685577393,,,,,,,,,5.6384414989157344e-05,19834.38934278488,9.468888064
67150,9.317732744216919,1.0235744512081146,20.913081760406495,,,,,,,,,5.6256269504812386e-05,19848.675753831863,9.468888064
67200,8.147396688461304,0.9418375051021576,19.691514053344726,,,,,,,,,5.61282442907769e-05,19862.95328426361,9.468888064
67250,8.3309792470932,0.9693832838535309,20.134275245666505,,,,,,,,,5.6000339662940467e-05,19877.244374513626,9.468888064
67300,9.732240571975709,1.0278053176403046,20.431473865509034,,,,,,,,,5.587255593689498e-05,19891.35311985016,9.468888064
67350,8.83847451210022,0.9931312847137451,20.327207317352293,,,,,,,,,5.57448934279341e-05,19905.457204580307,9.468888064
67400,9.103683576583862,0.9972395968437194,20.36260368347168,,,,,,,,,5.561735245105245e-05,19919.562051057816,9.468888064
67450,8.644485268592835,0.9562729263305664,19.636574420928955,,,,,,,,,5.548993332094455e-05,19933.66183066368,9.468888064
67500,8.358683757781982,0.9530168610811234,19.582413997650146,,,,,,,,,5.536263635200459e-05,19947.76361989975,9.468888064
67550,9.607987785339356,1.0427228689193726,21.158803520202635,,,,,,,,,5.5235461858325126e-05,19961.869071245193,9.468888064
67600,9.416624116897584,1.0260247206687927,20.75633550643921,,,,,,,,,5.510841015369651e-05,19975.970163822174,9.468888064
67650,8.497820687294006,0.9575382280349731,19.70146505355835,,,,,,,,,5.4981481551606344e-05,19990.075090169907,9.468888064
67700,8.997525291442871,0.9966901528835297,20.357269325256347,,,,,,,,,5.485467636523819e-05,20004.183925151825,9.468888064
67750,8.451120929718018,0.958160400390625,19.5523010635376,,,,,,,,,5.4727994907471356e-05,20018.321749925613,9.468888064
67800,8.823481931686402,0.9740132391452789,19.833811511993407,,,,,,,,,5.4601437490879686e-05,20032.424153327942,9.468888064
67850,9.487184553146362,1.0202596032619475,20.621724605560303,,,,,,,,,5.4475004427731e-05,20046.530326366425,9.468888064
67900,9.682258772850037,1.0473569095134736,21.160390224456787,,,,,,,,,5.434869602998641e-05,20060.631239891052,9.468888064
67950,9.270304765701294,1.0278432774543762,20.66423538208008,,,,,,,,,5.42225126092992e-05,20074.733767271042,9.468888064
68000,9.516688504219054,1.019349868297577,20.597690753936767,0.9843000240623951,20.12828971147537,12.269281026124954,7.992325856089592,0.9843000240623951,20.12828971147537,4.253198198080063,62.13590257644653,5.4096454477014526e-05,20099.998668670654,9.468888064
68050,8.5102498960495,0.9485857927799225,19.447072372436523,,,,,,,,,5.39705219441682e-05,20114.66818380356,9.468888064
68100,8.031024951934814,0.9300590962171554,19.531109580993654,,,,,,,,,5.384471532148633e-05,20128.77473974228,9.468888064
68150,10.266573739051818,1.0705348336696625,21.08800651550293,,,,,,,,,5.371903491938421e-05,20142.95046019554,9.468888064
68200,7.690515851974487,0.9105467081069947,18.972060108184813,,,,,,,,,5.3593481047965696e-05,20157.078158140182,9.468888064
68250,9.014745283126832,1.0010059893131256,20.446486358642577,,,,,,,,,5.346805401702256e-05,20171.210375785828,9.468888064
68300,8.869758892059327,1.0021527183055878,20.557948780059814,,,,,,,,,5.334275413603347e-05,20185.510239839554,9.468888064
68350,8.489931139945984,0.9655616688728332,19.555922470092774,,,,,,,,,5.3217581714163495e-05,20199.6328997612,9.468888064
68400,8.748086409568787,0.9882738953828811,20.086246757507325,,,,,,,,,5.3092537060263116e-05,20214.705174684525,9.468888064
68450,8.910636620521545,0.9761376595497131,19.972316493988036,,,,,,,,,5.296762048286751e-05,20228.890105724335,9.468888064
68500,9.725665378570557,1.0475259745121002,20.875227966308593,,,,,,,,,5.2842832290196e-05,20243.00109219551,9.468888064
68550,7.630276846885681,0.9216064620018005,19.569423427581786,,,,,,,,,5.271817279015099e-05,20257.097571849823,9.468888064
68600,9.079566473960876,1.005621045231819,20.479846286773682,,,,,,,,,5.259364229031747e-05,20271.203402519226,9.468888064
68650,8.663293471336365,0.9570892024040222,19.431319160461427,,,,,,,,,5.2469241097962045e-05,20285.307949781418,9.468888064
68700,9.351863288879395,1.0073855423927307,20.31030683517456,,,,,,,,,5.234496952003227e-05,20299.415729522705,9.468888064
68750,8.502607355117798,0.9679927659034729,20.294614753723145,,,,,,,,,5.222082786315592e-05,20313.51862335205,9.468888064
68800,9.814055891036988,1.0426941370964051,20.660790901184082,,,,,,,,,5.209681643364017e-05,20327.622650146484,9.468888064
68850,9.731568880081177,1.0350002479553222,20.653609142303466,,,,,,,,,5.1972935537470975e-05,20341.733871221542,9.468888064
68900,9.713782196044923,1.0109749507904053,20.24816701889038,,,,,,,,,5.1849185480312076e-05,20355.842675209045,9.468888064
68950,8.158329677581786,0.9248902469873428,19.220959491729737,,,,,,,,,5.1725566567504463e-05,20369.944095134735,9.468888064
69000,9.338860983848571,1.0281162691116332,20.917903785705565,0.9828337554633617,20.028287799358367,12.19441732764244,7.982480856180191,0.9828337554633617,20.028287799358367,4.257027277946472,61.747255153656006,5.160207910406545e-05,20395.248450517654,9.468888064
69050,9.282452354431152,1.0311592054367065,20.943328704833984,,,,,,,,,5.1478723394688116e-05,20410.233833789825,9.468888064
69100,8.862560963630676,0.9795688414573669,19.845477237701417,,,,,,,,,5.1355499743740434e-05,20424.3893764019,9.468888064
69150,8.390197591781616,0.9434207451343536,19.680977439880373,,,,,,,,,5.123240845526443e-05,20438.510535240173,9.468888064
69200,8.705778875350951,0.9787972831726074,20.113765449523925,,,,,,,,,5.110944983297576e-05,20452.76307940483,9.468888064
69250,9.61294960975647,1.0302530473470688,20.587949771881103,,,,,,,,,5.098662418026246e-05,20466.953305006027,9.468888064
69300,8.288219861984253,0.9532800567150116,19.92104070663452,,,,,,,,,5.086393180018473e-05,20481.21989250183,9.468888064
69350,8.895581588745117,0.9815546107292176,20.143139839172363,,,,,,,,,5.074137299547378e-05,20495.641805171967,9.468888064
69400,8.92828603744507,0.9992701363563538,20.57805992126465,,,,,,,,,5.0618948068531236e-05,20509.959185123444,9.468888064
69450,8.732346858978271,0.9891467475891114,20.518540420532226,,,,,,,,,5.049665732142851e-05,20524.221427202225,9.468888064
69500,8.617093477249146,0.9681635701656341,19.6273903465271,,,,,,,,,5.037450105590578e-05,20538.45297884941,9.468888064
69550,8.443269877433776,0.9651731431484223,20.026999950408936,,,,,,,,,5.025247957337159e-05,20552.81997680664,9.468888064
69600,9.801612186431885,1.0603493839502334,21.423592109680175,,,,,,,,,5.013059317490173e-05,20567.087170124054,9.468888064
69650,9.289019465446472,1.0248152792453766,20.52993799209595,,,,,,,,,5.000884216123879e-05,20581.378344535828,9.468888064
69700,8.5308065032959,0.958042995929718,19.780952854156496,,,,,,,,,4.9887226832791366e-05,20595.63463115692,9.468888064
69750,8.479992561340332,0.9585544490814208,19.676299953460692,,,,,,,,,4.976574748963307e-05,20609.964783668518,9.468888064
69800,8.826217613220216,0.9721154129505157,19.685152282714842,,,,,,,,,4.9644404431502225e-05,20624.285160779953,9.468888064
69850,10.1670530128479,1.043733491897583,20.52054838180542,,,,,,,,,4.9523197957800725e-05,20638.546537160873,9.468888064
69900,8.917870278358459,0.980010580420494,19.875864543914794,,,,,,,,,4.94021283675934e-05,20652.836193561554,9.468888064
69950,9.036922054290772,0.9893797767162323,20.164789066314697,,,,,,,,,4.928119595960755e-05,20667.171636104584,9.468888064
70000,8.766673355102538,0.9844756841659545,20.23139446258545,0.9847559687495232,20.039078669548033,12.246897369623184,7.976454642415047,0.9847559687495232,20.039078669548033,4.241354899406433,61.964227180480954,4.9160401032231806e-05,20692.815533638,9.468888064
70050,9.312562246322631,0.9827752697467804,19.728139400482178,,,,,,,,,4.9039743883515695e-05,20707.80617070198,9.468888064
70100,9.036651463508607,1.0065874195098876,20.629439373016357,,,,,,,,,4.89192248111687e-05,20722.164268016815,9.468888064
70150,9.246924176216126,1.012346920967102,20.4921834564209,,,,,,,,,4.879884411255964e-05,20736.447697162628,9.468888064
70200,8.309664926528932,0.9605084347724915,19.943929195404053,,,,,,,,,4.8678602084716e-05,20750.777691602707,9.468888064
70250,8.486695866584778,0.9574976444244385,19.467201900482177,,,,,,,,,4.85584990243229e-05,20765.117666959763,9.468888064
70300,8.359125995635987,0.9532758784294129,19.64537359237671,,,,,,,,,4.843853522772281e-05,20779.397121191025,9.468888064
70350,9.178181376457214,1.002621797323227,19.96657512664795,,,,,,,,,4.831871099091439e-05,20793.688723802567,9.468888064
70400,9.679746408462524,1.0385662984848023,20.752779121398927,,,,,,,,,4.819902660955212e-05,20808.0535030365,9.468888064
70450,8.618095164299012,0.9656088411808014,19.878753547668456,,,,,,,,,4.807948237894526e-05,20822.248535633087,9.468888064
70500,9.024531254768371,0.9842227959632873,20.097751865386964,,,,,,,,,4.796007859405732e-05,20836.564659118652,9.468888064
70550,8.493680591583251,0.9712744212150574,20.130397605895997,,,,,,,,,4.7840815549505285e-05,20850.857514858246,9.468888064
70600,8.698363637924194,0.978267947435379,20.100128135681153,,,,,,,,,4.772169353955881e-05,20865.144557714462,9.468888064
70650,8.758307437896729,0.9820750784873963,20.164630241394043,,,,,,,,,4.760271285813969e-05,20879.498901367188,9.468888064
70700,8.195997161865234,0.951705424785614,19.637382068634032,,,,,,,,,4.748387379882089e-05,20893.71998310089,9.468888064
70750,8.403291416168212,0.9711692583560944,20.425374393463134,,,,,,,,,4.736517665482603e-05,20907.937528133392,9.468888064
70800,8.141376280784607,0.9426917171478272,19.71803581237793,,,,,,,,,4.724662171902844e-05,20922.111261844635,9.468888064
70850,8.302927017211914,0.9529767107963562,19.738663845062256,,,,,,,,,4.712820928395065e-05,20936.339160203934,9.468888064
70900,8.53600745677948,0.9551599478721619,19.519791679382323,,,,,,,,,4.70099396417636e-05,20950.740346193314,9.468888064
70950,9.063750438690185,0.988038614988327,19.796061401367187,,,,,,,,,4.689181308428586e-05,20965.170204401016,9.468888064
71000,9.386128935813904,1.0043227314949035,20.103625297546387,0.9879602181911469,20.115964772701265,12.25080561518669,8.005808504223824,0.9879602181911469,20.115964772701265,4.280313473939896,62.47525659561157,4.677382990298299e-05,20990.82880949974,9.468888064
71050,9.326656560897828,1.0058686876296996,20.22283321380615,,,,,,,,,4.665599038896671e-05,21005.57679748535,9.468888064
71100,9.633469381332397,1.0357360726594924,20.81784282684326,,,,,,,,,4.6538294832994316e-05,21019.736407756805,9.468888064
71150,8.53906132698059,0.9523689025640487,19.595611457824706,,,,,,,,,4.6420743525467946e-05,21033.884006023407,9.468888064
71200,9.430803718566894,1.0125306057929992,20.130383377075194,,,,,,,,,4.630333675643372e-05,21048.04861807823,9.468888064
71250,8.915185766220093,0.9963786351680756,20.251302127838134,,,,,,,,,4.618607481558116e-05,21062.210198402405,9.468888064
71300,9.214852166175842,1.0094639921188355,20.418927097320555,,,,,,,,,4.6068957992242514e-05,21076.36724281311,9.468888064
71350,9.2562038230896,0.9998981916904449,20.13875514984131,,,,,,,,,4.5951986575391844e-05,21090.525532722473,9.468888064
71400,9.490476760864258,1.0136636066436768,20.549259510040283,,,,,,,,,4.583516085364455e-05,21104.666338682175,9.468888064
71450,8.913792514801026,0.9973360013961792,20.402728176116945,,,,,,,,,4.5718481115256363e-05,21118.90834903717,9.468888064
71500,8.955478601455688,0.9852267789840699,20.088966884613036,,,,,,,,,4.5601947648123106e-05,21132.97427558899,9.468888064
71550,8.81221930027008,0.9774183559417725,19.86257314682007,,,,,,,,,4.548556073977942e-05,21147.063889741898,9.468888064
71600,9.224885230064393,0.9942533457279206,20.129549083709716,,,,,,,,,4.5369320677398466e-05,21161.150341510773,9.468888064
71650,9.538539867401123,1.0466411769390107,21.66332389831543,,,,,,,,,4.525322774779103e-05,21175.26605796814,9.468888064
71700,8.150442605018617,0.9465331351757049,19.6645853805542,,,,,,,,,4.513728223740482e-05,21189.356159448624,9.468888064
71750,8.943586807250977,0.9990101170539856,19.939434757232664,,,,,,,,,4.5021484432323975e-05,21203.47878718376,9.468888064
71800,8.842266426086425,0.9717082357406617,19.6775492477417,,,,,,,,,4.4905834618267996e-05,21217.65665745735,9.468888064
71850,8.449871320724487,0.957542530298233,19.76850179672241,,,,,,,,,4.479033308059132e-05,21231.96479010582,9.468888064
71900,7.890313577651978,0.907931604385376,19.048716259002685,,,,,,,,,4.4674980104282495e-05,21246.22186756134,9.468888064
71950,8.309162535667419,0.9579093182086944,19.7112366104126,,,,,,,,,4.455977597396348e-05,21260.443020820618,9.468888064
72000,8.692803792953491,0.9543662118911743,19.49697681427002,0.9822049258649349,20.080487024784087,12.218347215652466,7.965199772119522,0.9822049258649349,20.080487024784087,4.3129972648620605,62.6611572265625,4.444472097388909e-05,21285.982391119003,9.468888064
72050,8.959537420272827,0.9701005530357361,19.922487201690675,,,,,,,,,4.4329815387946075e-05,21300.72530889511,9.468888064
72100,8.597632832527161,0.968372448682785,19.741506023406984,,,,,,,,,4.4215059499652556e-05,21314.877593755722,9.468888064
72150,8.988688735961913,0.9850570678710937,19.989172439575196,,,,,,,,,4.410045359215728e-05,21329.034609556198,9.468888064
72200,9.148541612625122,1.005210886001587,20.346128273010255,,,,,,,,,4.39859979482389e-05,21343.19753551483,9.468888064
72250,9.480914182662964,1.0007195901870727,19.77073366165161,,,,,,,,,4.3871692850305395e-05,21357.3702852726,9.468888064
72300,8.808596687316895,0.986338894367218,20.055456504821777,,,,,,,,,4.37575385803932e-05,21371.526235818863,9.468888064
72350,8.962550616264343,1.010242692232132,20.903359012603758,,,,,,,,,4.3643535420166606e-05,21385.6957154274,9.468888064
72400,9.449613189697265,1.0163122761249541,20.41451202392578,,,,,,,,,4.3529683650917035e-05,21399.856419563293,9.468888064
72450,9.561879782676696,1.0064267432689666,19.765340270996095,,,,,,,,,4.341598355356252e-05,21414.01682639122,9.468888064
72500,8.649206495285034,0.9636541509628296,19.53533544540405,,,,,,,,,4.33024354086467e-05,21428.359360218048,9.468888064
72550,8.630164885520935,0.9563910365104675,19.367281131744384,,,,,,,,,4.3189039496338345e-05,21442.51340031624,9.468888064
72600,8.210817680358886,0.9581732106208801,19.90874855041504,,,,,,,,,4.307579609643058e-05,21456.66962480545,9.468888064
72650,8.88552523612976,0.9933135962486267,20.21221513748169,,,,,,,,,4.296270548834022e-05,21470.829714775085,9.468888064
72700,8.61606451034546,0.9746279847621918,20.17348030090332,,,,,,,,,4.2849767951107154e-05,21484.994284391403,9.468888064
72750,9.239716005325317,1.0136436486244202,20.506455516815187,,,,,,,,,4.2736983763393486e-05,21499.156469106674,9.468888064
72800,8.811086821556092,0.9805094563961029,20.242118282318117,,,,,,,,,4.2624353203482965e-05,21513.325088977814,9.468888064
72850,8.082393279075623,0.9182809484004975,18.87024959564209,,,,,,,,,4.25118765492804e-05,21527.492352247238,9.468888064
72900,8.992204871177673,0.9918456518650055,20.253415985107424,,,,,,,,,4.239955407831065e-05,21541.657241344452,9.468888064
72950,8.329545478820801,0.9493433129787445,19.57720148086548,,,,,,,,,4.22873860677183e-05,21555.80828356743,9.468888064
73000,9.2470196723938,1.0027279829978943,20.28443603515625,0.9770949903130531,19.932356815338135,12.127062972784042,7.9319559812545775,0.9770949903130531,19.932356815338135,4.286446179151535,62.0757831954956,4.2175372794266765e-05,21581.064898729324,9.468888064
73050,7.743387060165405,0.9092323648929596,19.205934753417967,,,,,,,,,4.206351453433761e-05,21595.709492444992,9.468888064
73100,10.372568359375,1.0577954947948456,20.772013339996338,,,,,,,,,4.1951811563930064e-05,21609.789274692535,9.468888064
73150,8.919353613853454,0.9699468439817429,19.705631408691406,,,,,,,,,4.184026415866001e-05,21623.957141160965,9.468888064
73200,9.3475049161911,1.0124019503593444,20.376597003936766,,,,,,,,,4.17288725937596e-05,21638.11944437027,9.468888064
73250,8.222902274131775,0.9372424280643463,19.349332695007323,,,,,,,,,4.161763714407649e-05,21652.360281467438,9.468888064
73300,9.254767456054687,1.0061133897304535,20.42669677734375,,,,,,,,,4.150655808407305e-05,21666.553580522537,9.468888064
73350,9.278633675575257,1.0047773146629333,20.06336259841919,,,,,,,,,4.139563568782589e-05,21681.028650045395,9.468888064
73400,8.874903531074525,0.9718482339382172,19.783156414031982,,,,,,,,,4.128487022902491e-05,21695.417917728424,9.468888064
73450,8.674511361122132,0.9922832024097442,20.101515808105468,,,,,,,,,4.117426198097291e-05,21709.922115564346,9.468888064
73500,10.022292580604553,1.0589791530370711,21.09273910522461,,,,,,,,,4.1063811216584713e-05,21724.250597953796,9.468888064
73550,9.720530242919923,1.0182534062862396,20.237467288970947,,,,,,,,,4.095351820838667e-05,21738.67201256752,9.468888064
73600,9.923392548561097,1.0462978029251098,20.75409568786621,,,,,,,,,4.084338322851577e-05,21752.83011817932,9.468888064
73650,7.782922325134277,0.9191881167888641,19.387243633270263,,,,,,,,,4.073340654871914e-05,21767.090290308,9.468888064
73700,7.795557932853699,0.9240897297859192,19.47223514556885,,,,,,,,,4.062358844035329e-05,21781.28627514839,9.468888064
73750,8.287792706489563,0.9402250134944916,19.15420928955078,,,,,,,,,4.051392917438349e-05,21795.546437978745,9.468888064
73800,8.284841175079345,0.9341706049442291,19.18562219619751,,,,,,,,,4.0404429021383186e-05,21809.8310816288,9.468888064
73850,8.572776494026185,0.9638331937789917,19.871077442169188,,,,,,,,,4.0295088251532993e-05,21824.11384487152,9.468888064
73900,8.577118601799011,0.9450014793872833,19.217631072998046,,,,,,,,,4.0185907134620413e-05,21838.45808696747,9.468888064
73950,9.125326733589173,0.9944296741485595,20.187642421722412,,,,,,,,,4.0076885940039016e-05,21852.67455983162,9.468888064
74000,9.494445514678954,1.0254662811756134,20.536533546447753,0.9835801868140698,20.088981008529665,12.299106874465942,8.009385173916817,0.9835801868140698,20.088981008529665,4.288252564668656,62.47222288131714,3.9968024936787696e-05,21878.485897302628,9.468888064
74050,8.7327081823349,0.959609626531601,19.62271312713623,,,,,,,,,3.985932439347023e-05,21893.27050757408,9.468888064
74100,8.866122455596924,0.9824263167381286,19.933095226287843,,,,,,,,,3.975078457829439e-05,21907.429824352264,9.468888064
74150,8.29387020111084,0.9424927103519439,19.245698909759522,,,,,,,,,3.9642405759071387e-05,21921.588220596313,9.468888064
74200,9.122621746063233,0.9974183893203735,20.246024551391603,,,,,,,,,3.953418820321514e-05,21935.74148249626,9.468888064
74250,9.788673524856568,1.0347773659229278,20.511629123687744,,,,,,,,,3.942613217774173e-05,21950.00059723854,9.468888064
74300,9.021002554893494,1.0033123821020127,20.669769287109375,,,,,,,,,3.931823794926869e-05,21964.492885112762,9.468888064
74350,7.712630639076233,0.9160634911060334,19.40887674331665,,,,,,,,,3.921050578401428e-05,21979.053983211517,9.468888064
74400,9.081547722816467,0.9981147509813308,20.220837383270265,,,,,,,,,3.9102935947796885e-05,21993.297495126724,9.468888064
74450,9.073002743721009,0.9930882489681244,20.160355491638185,,,,,,,,,3.899552870603444e-05,22007.461298942566,9.468888064
74500,9.226602516174317,1.015356262922287,20.714819374084474,,,,,,,,,3.8888284323743556e-05,22021.621571063995,9.468888064
74550,9.114922714233398,0.9894677364826202,20.193424587249755,,,,,,,,,3.8781203065539177e-05,22035.77590250969,9.468888064
74600,8.876466627120971,0.9734500169754028,19.531892890930177,,,,,,,,,3.8674285195633564e-05,22050.095851898193,9.468888064
74650,8.163560290336608,0.945571916103363,19.78630365371704,,,,,,,,,3.8567530977836066e-05,22064.250437498093,9.468888064
74700,8.692879829406738,0.9766596806049347,19.822865867614745,,,,,,,,,3.846094067555196e-05,22078.417380332947,9.468888064
74750,7.872806525230407,0.9063881063461303,18.836873378753662,,,,,,,,,3.835451455178229e-05,22092.564289093018,9.468888064
74800,9.091083922386169,0.9807966327667237,20.038503017425537,,,,,,,,,3.824825286912296e-05,22106.72630929947,9.468888064
74850,9.623951597213745,1.0157807445526124,20.36413562774658,,,,,,,,,3.814215588976405e-05,22120.899619817734,9.468888064
74900,8.003165574073792,0.9363258421421051,19.76940906524658,,,,,,,,,3.803622387548937e-05,22135.06583762169,9.468888064
74950,9.05786964893341,0.9798699849843979,19.528609313964843,,,,,,,,,3.79304570876756e-05,22149.222192525864,9.468888064
75000,9.373069849014282,0.9969834172725678,19.62143949508667,0.9787284402549267,19.977026364803315,12.202730343341827,7.973541232943535,0.9787284402549267,19.977026364803315,4.283594020605087,62.162125701904294,3.7824855787291796e-05,22174.756792783737,9.468888064
75050,7.893673567771912,0.9209719443321228,19.14946699142456,,,,,,,,,3.771942023489865e-05,22189.564866304398,9.468888064
75100,8.201609535217285,0.9314996349811554,19.360376110076903,,,,,,,,,3.7614150690647876e-05,22203.720227479935,9.468888064
75150,9.123833050727844,1.0078303080797195,20.49753215789795,,,,,,,,,3.750904741428168e-05,22217.883319616318,9.468888064
75200,9.831515202522278,1.025918378829956,20.150103874206543,,,,,,,,,3.7404110665131847e-05,22232.038338184357,9.468888064
75250,9.121419744491577,1.0112026131153107,20.37384859085083,,,,,,,,,3.729934070211948e-05,22246.197924613953,9.468888064
75300,8.435181293487549,0.9487415319681167,19.680322093963625,,,,,,,,,3.719473778375403e-05,22260.369943618774,9.468888064
75350,9.354514551162719,1.0363224351406097,21.19879560470581,,,,,,,,,3.7090302168132704e-05,22274.536375045776,9.468888064
75400,8.909093089103699,0.9797432243824005,19.884840869903563,,,,,,,,,3.698603411294016e-05,22288.722620010376,9.468888064
75450,8.824254393577576,0.9822427189350128,20.06667066574097,,,,,,,,,3.688193387544735e-05,22302.894344091415,9.468888064
75500,8.62764795780182,0.9620687615871429,19.9377787399292,,,,,,,,,3.67780017125113e-05,22317.06624341011,9.468888064
75550,8.337074537277221,0.9586635279655457,19.938800048828124,,,,,,,,,3.667423788057424e-05,22331.231736898422,9.468888064
75600,9.956517453193664,1.0337523317337036,20.549275741577148,,,,,,,,,3.6570642635663126e-05,22345.401342868805,9.468888064
75650,7.536865067481995,0.891052188873291,18.495088710784913,,,,,,,,,3.646721623338897e-05,22359.70596909523,9.468888064
75700,9.215563249588012,0.9924675434827804,19.83803297042847,,,,,,,,,3.636395892894613e-05,22373.865884542465,9.468888064
75750,8.619335970878602,0.9406325072050095,18.96646318435669,,,,,,,,,3.626087097711172e-05,22388.02525115013,9.468888064
75800,8.70257043838501,0.9821287369728089,20.526548233032226,,,,,,,,,3.6157952632244966e-05,22402.201462745667,9.468888064
75850,8.13312119960785,0.9244260656833648,19.190348415374757,,,,,,,,,3.605520414828675e-05,22416.361903190613,9.468888064
75900,8.075069570541382,0.9324495613574981,19.51688648223877,,,,,,,,,3.595262577875869e-05,22430.520853996277,9.468888064
75950,8.6546338224411,0.9809328103065491,20.07117908477783,,,,,,,,,3.585021777676272e-05,22444.675498723984,9.468888064
76000,8.843647327423096,0.9837881356477738,20.20765775680542,0.9750239183008671,19.914961810112,12.123575812578201,7.904947952628135,0.9750239183008671,19.914961810112,4.274870481491089,61.88503231048584,3.574798039498043e-05,22470.28284049034,9.468888064
76050,9.018302445411683,1.0018555855751037,20.23390293121338,,,,,,,,,3.5645913885672326e-05,22485.095484495163,9.468888064
76100,10.23626591205597,1.0510343861579896,20.4216633605957,,,,,,,,,3.5544018500677495e-05,22499.26936864853,9.468888064
76150,9.519571189880372,1.0119212925434113,20.19143669128418,,,,,,,,,3.5442294491412576e-05,22513.42756342888,9.468888064
76200,8.86502821445465,0.9830698442459106,20.067604637145998,,,,,,,,,3.534074210887149e-05,22527.5878739357,9.468888064
76250,8.65924388885498,0.9513020205497742,19.223150634765624,,,,,,,,,3.523936160362457e-05,22541.74834895134,9.468888064
76300,8.885944600105285,0.957703881263733,19.292153186798096,,,,,,,,,3.5138153225818184e-05,22555.917940616608,9.468888064
76350,8.23946482181549,0.9536510872840881,19.872200450897218,,,,,,,,,3.503711722517401e-05,22570.526721954346,9.468888064
76400,8.930564060211182,0.9765167796611786,19.748827953338623,,,,,,,,,3.4936253850988236e-05,22584.67919254303,9.468888064
76450,9.43504656791687,1.0150030148029328,20.133007888793944,,,,,,,,,3.483556335213129e-05,22598.847153425217,9.468888064
76500,8.87537477016449,0.9750342893600464,19.816025733947754,,,,,,,,,3.473504597704693e-05,22613.00236415863,9.468888064
76550,8.931191463470459,0.9767557138204574,19.94170524597168,,,,,,,,,3.463470197375174e-05,22627.16510272026,9.468888064
76600,9.088403182029724,0.9938853693008423,20.39717607498169,,,,,,,,,3.4534531589834657e-05,22641.395562648773,9.468888064
76650,8.421785564422608,0.9784437429904937,20.372918682098387,,,,,,,,,3.4434535072456106e-05,22655.78845357895,9.468888064
76700,8.912130117416382,0.960355532169342,19.349615364074708,,,,,,,,,3.433471266834753e-05,22670.106232881546,9.468888064
76750,8.750709133148193,0.9759465301036835,20.021826152801513,,,,,,,,,3.4235064623810873e-05,22684.497895002365,9.468888064
76800,9.134134798049926,0.9938775396347046,20.266267890930177,,,,,,,,,3.413559118471768e-05,22698.784422159195,9.468888064
76850,8.56551651954651,0.9557275593280792,19.448390636444092,,,,,,,,,3.4036292596508794e-05,22713.165484428406,9.468888064
76900,9.294470896720886,1.0182625031471253,20.608443088531494,,,,,,,,,3.393716910419364e-05,22727.317671060562,9.468888064
76950,8.790027222633363,0.9777596706151962,19.960392189025878,,,,,,,,,3.383822095234962e-05,22741.618391275406,9.468888064
77000,8.89842700958252,1.0071691513061523,20.589632358551025,0.9693587832152843,19.75465912103653,12.02813922047615,7.90873005926609,0.9693587832152843,19.75465912103653,4.316236882209778,62.60748275756836,3.3739448385121374e-05,22767.67512178421,9.468888064
77050,8.72741834640503,0.9517311680316926,19.237223281860352,,,,,,,,,3.3640851646220474e-05,22782.725615739822,9.468888064
77100,8.477459855079651,0.9520316338539123,19.63080436706543,,,,,,,,,3.354243097892453e-05,22797.021040678024,9.468888064
77150,8.509832530021667,0.962812066078186,19.734039363861083,,,,,,,,,3.344418662607674e-05,22811.41899204254,9.468888064
77200,8.348346590995789,0.9444526910781861,19.37457899093628,,,,,,,,,3.334611883008528e-05,22826.08623981476,9.468888064
77250,8.16702950000763,0.9309340071678162,19.173728313446045,,,,,,,,,3.324822783292274e-05,22840.409975767136,9.468888064
77300,9.935330972671508,1.0411848258972167,20.67357583999634,,,,,,,,,3.3150513876125374e-05,22854.693472862244,9.468888064
77350,8.070181789398193,0.9452188503742218,19.77046501159668,,,,,,,,,3.305297720079268e-05,22868.97606611252,9.468888064
77400,8.863877592086792,0.9689685678482056,19.650917625427248,,,,,,,,,3.295561804758664e-05,22883.256742239,9.468888064
77450,10.402692379951477,1.0605187499523163,20.788169288635252,,,,,,,,,3.2858436656731406e-05,22897.578013896942,9.468888064
77500,8.464825744628905,0.9471464359760284,19.473056869506834,,,,,,,,,3.276143326801232e-05,22911.68147134781,9.468888064
77550,8.569762415885926,0.9546495056152344,19.362406463623046,,,,,,,,,3.266460812077562e-05,22926.062752008438,9.468888064
77600,8.768435406684876,0.9632206642627716,19.35700677871704,,,,,,,,,3.256796145392772e-05,22940.24561238289,9.468888064
77650,8.228173050880432,0.947696692943573,19.68748779296875,,,,,,,,,3.247149350593463e-05,22954.435702562332,9.468888064
77700,8.856028647422791,0.9738002073764801,19.781304950714112,,,,,,,,,3.237520451482155e-05,22968.61030602455,9.468888064
77750,9.266638054847718,1.009405345916748,20.333174629211427,,,,,,,,,3.22790947181719e-05,22982.95328593254,9.468888064
77800,8.664966268539429,0.9799195778369904,20.062982158660887,,,,,,,,,3.218316435312704e-05,22997.141595363617,9.468888064
77850,8.315497813224793,0.9162917137145996,18.593491706848145,,,,,,,,,3.208741365638564e-05,23011.33489537239,9.468888064
77900,8.980397953987122,1.0004763615131378,20.572588901519776,,,,,,,,,3.1991842864203e-05,23025.525970697403,9.468888064
77950,8.348991718292236,0.9548690855503082,19.43269239425659,,,,,,,,,3.189645221239058e-05,23039.706201076508,9.468888064
78000,8.15100308895111,0.9257052624225617,19.224882106781006,0.9734718935191631,19.872873995304108,12.136106394529342,7.933557095527649,0.9734718935191631,19.872873995304108,4.312401432991027,62.63092058181763,3.1801241936315304e-05,23065.23721885681,9.468888064
78050,8.410479612350464,0.9551947331428527,19.661179389953613,,,,,,,,,3.1706212270899125e-05,23080.017224550247,9.468888064
78100,8.723221526145934,0.9597774171829223,19.879028263092042,,,,,,,,,3.161136345061818e-05,23094.199105739594,9.468888064
78150,7.878985905647278,0.9175571930408478,19.069848613739012,,,,,,,,,3.151669570950259e-05,23108.385795116425,9.468888064
78200,9.665380997657776,1.0003752624988556,19.957486896514894,,,,,,,,,3.142220928113561e-05,23122.57306432724,9.468888064
78250,8.70735825061798,0.9717434823513031,19.754996967315673,,,,,,,,,3.132790439865306e-05,23136.759255170822,9.468888064
78300,9.585668964385986,1.021678239107132,20.250433330535888,,,,,,,,,3.123378129474293e-05,23151.02422761917,9.468888064
78350,9.124817061424256,1.0050501775741578,20.347672443389893,,,,,,,,,3.113984020164453e-05,23165.211199760437,9.468888064
78400,7.994631867408753,0.9160706961154937,18.881374015808106,,,,,,,,,3.1046081351148224e-05,23179.397332429886,9.468888064
78450,9.355159015655518,1.0135179054737091,20.375757007598878,,,,,,,,,3.09525049745946e-05,23193.574350357056,9.468888064
78500,8.71660472869873,0.9647480028867722,19.665415477752685,,,,,,,,,3.085911130287412e-05,23207.757373332977,9.468888064
78550,8.415941696166993,0.9657493567466736,20.272078533172607,,,,,,,,,3.07659005664264e-05,23221.940004110336,9.468888064
78600,9.453320970535279,1.0134148734807968,20.371840515136718,,,,,,,,,3.067287299523961e-05,23236.12348484993,9.468888064
78650,9.170529417991638,0.983597275018692,19.37449333190918,,,,,,,,,3.0580028818850086e-05,23250.31512260437,9.468888064
78700,7.899242925643921,0.909647854566574,18.839131698608398,,,,,,,,,3.048736826634159e-05,23264.4966173172,9.468888064
78750,9.600255618095398,1.0181178283691406,20.432783946990966,,,,,,,,,3.039489156634478e-05,23278.687777757645,9.468888064
78800,9.270237731933594,1.0111125564575196,20.336214122772216,,,,,,,,,3.030259894703684e-05,23293.007239580154,9.468888064
78850,9.088607606887818,0.9914669728279114,19.78878993988037,,,,,,,,,3.0210490636140437e-05,23307.192800998688,9.468888064
78900,8.082780795097351,0.9302550840377808,19.149806632995606,,,,,,,,,3.011856686092382e-05,23321.377264738083,9.468888064
78950,9.000492324829102,1.0050968360900878,20.751422004699705,,,,,,,,,3.0026827848199748e-05,23335.560435056686,9.468888064
79000,7.791358408927917,0.924730988740921,19.40255739212036,0.9806114800274373,20.039843695163725,12.227119923830033,7.963614917397499,0.9806114800274373,20.039843695163725,4.3049164748191835,62.536269149780274,2.9935273824325075e-05,23361.114204883575,9.468888064
79050,8.85754177093506,0.962891001701355,19.686061534881592,,,,,,,,,2.9843905015200285e-05,23375.94289112091,9.468888064
79100,8.507596077919006,0.9452388721704483,19.396252479553223,,,,,,,,,2.9752721646268827e-05,23390.127321004868,9.468888064
79150,8.618095188140869,0.9515319204330445,19.48110149383545,,,,,,,,,2.966172394251659e-05,23404.293913841248,9.468888064
79200,9.371965799331665,1.0198734295368195,20.428694648742677,,,,,,,,,2.9570912128471328e-05,23418.482460975647,9.468888064
79250,9.371225485801697,0.9918262410163879,19.78030616760254,,,,,,,,,2.9480286428202258e-05,23432.666150808334,9.468888064
79300,9.55991783618927,0.9816241294145585,19.304028244018554,,,,,,,,,2.9389847065319227e-05,23446.84839272499,9.468888064
79350,8.662375836372375,0.9513027155399323,19.38753053665161,,,,,,,,,2.929959426297238e-05,23461.051833868027,9.468888064
79400,8.753258395195008,0.9641647744178772,19.619547500610352,,,,,,,,,2.920952824385153e-05,23475.236984968185,9.468888064
79450,8.95935260295868,0.993870735168457,20.02611921310425,,,,,,,,,2.9119649230185593e-05,23489.42210626602,9.468888064
79500,9.179404473304748,1.028100584745407,21.25854480743408,,,,,,,,,2.9029957443742184e-05,23503.61312699318,9.468888064
79550,7.410467119216919,0.8839026033878327,18.662070674896242,,,,,,,,,2.894045310582681e-05,23517.792091846466,9.468888064
79600,8.563369879722595,0.9639192461967468,19.672755908966064,,,,,,,,,2.8851136437282566e-05,23531.979390621185,9.468888064
79650,9.10144723892212,0.9810519623756409,19.886266918182372,,,,,,,,,2.8762007658489416e-05,23546.404818296432,9.468888064
79700,8.626814165115356,0.9451079618930817,19.087015953063965,,,,,,,,,2.8673066989363758e-05,23560.728251218796,9.468888064
79750,8.729170083999634,0.9788393616676331,20.27550256729126,,,,,,,,,2.8584314649357868e-05,23575.00719332695,9.468888064
79800,8.601111674308777,0.9618425440788269,19.729003944396972,,,,,,,,,2.849575085745933e-05,23589.51673936844,9.468888064
79850,9.908211345672607,1.0430129504203796,20.902107734680175,,,,,,,,,2.8407375832190504e-05,23603.826513528824,9.468888064
79900,7.923507471084594,0.9191915416717529,19.151243019104005,,,,,,,,,2.8319189791607937e-05,23618.011397600174,9.468888064
79950,8.282572526931762,0.9267021846771241,19.083303089141847,,,,,,,,,2.8231192953301938e-05,23632.248634576797,9.468888064
80000,9.267655863761902,1.0100175428390503,20.494809913635255,0.978705530911684,20.03640346765518,12.227329497337342,7.988043174743653,0.978705530911684,20.03640346765518,4.300928372144699,62.754832096099854,2.814338553439597e-05,23658.109802007675,9.468888064
80050,7.705673680305481,0.922264621257782,19.526851387023925,,,,,,,,,2.805576775154611e-05,23673.15529370308,9.468888064
80100,8.277476000785828,0.9325217646360398,19.17495122909546,,,,,,,,,2.796833982094049e-05,23687.363373041153,9.468888064
80150,9.060911021232606,0.982298790216446,19.582743434906007,,,,,,,,,2.78811019582989e-05,23701.62574481964,9.468888064
80200,9.17302803516388,0.9998642814159393,20.169651279449464,,,,,,,,,2.7794054378872064e-05,23715.778332710266,9.468888064
80250,7.7334787464141845,0.9127914333343505,19.115326023101808,,,,,,,,,2.7707197297441233e-05,23729.991513729095,9.468888064
80300,9.194022693634032,1.0079830968379975,20.091607551574707,,,,,,,,,2.7620530928317596e-05,23744.092531442642,9.468888064
80350,10.048695302009582,1.0279913395643234,20.1592692565918,,,,,,,,,2.7534055485341884e-05,23758.190742731094,9.468888064
80400,7.50338770866394,0.8766328978538513,18.171441535949707,,,,,,,,,2.7447771181883553e-05,23772.306693077087,9.468888064
80450,8.791406226158141,0.9730148720741272,19.857442245483398,,,,,,,,,2.7361678230840635e-05,23786.3991894722,9.468888064
80500,8.84320855140686,0.9659770536422729,19.43238525390625,,,,,,,,,2.727577684463884e-05,23800.52182149887,9.468888064
80550,8.124737191200257,0.9376221287250519,19.484619274139405,,,,,,,,,2.7190067235231335e-05,23814.804674386978,9.468888064
80600,8.914387016296386,0.9875722265243531,20.225665187835695,,,,,,,,,2.7104549614098113e-05,23828.905042648315,9.468888064
80650,8.474806942939757,0.9436059045791626,19.44594310760498,,,,,,,,,2.7019224192245294e-05,23842.9814889431,9.468888064
80700,8.793582835197448,0.9779941892623901,19.732529907226564,,,,,,,,,2.6934091180204998e-05,23857.075546503067,9.468888064
80750,9.333359565734863,1.0088960492610932,20.525128288269045,,,,,,,,,2.6849150788034402e-05,23871.165030002594,9.468888064
80800,9.1657981300354,0.997041939496994,19.946673488616945,,,,,,,,,2.676440322531548e-05,23885.255166053772,9.468888064
80850,9.23583923816681,0.968730788230896,19.438928337097167,,,,,,,,,2.6679848701154425e-05,23899.33189892769,9.468888064
80900,8.912953357696534,0.9870209383964539,20.007130870819093,,,,,,,,,2.6595487424181148e-05,23913.574231624603,9.468888064
80950,9.436812472343444,1.0058489871025085,19.84156702041626,,,,,,,,,2.6511319602548668e-05,23927.668311595917,9.468888064
81000,8.853618063926696,0.965750504732132,19.64969078063965,0.966332715600729,19.675571637153624,11.98233442902565,7.86408489882946,0.966332715600729,19.675571637153624,4.304317051172257,62.646808013916015,2.6427345443932726e-05,23952.937582969666,9.468888064
81050,8.853253073692322,0.9857420134544372,20.149881973266602,,,,,,,,,2.6343565155531235e-05,23967.611831903458,9.468888064
81100,8.479467086791992,0.9432589811086655,19.249662342071534,,,,,,,,,2.625997894406374e-05,23981.68729686737,9.468888064
81150,8.96978518486023,0.9662628448009491,19.349200439453124,,,,,,,,,2.6176587015770893e-05,23995.762368679047,9.468888064
81200,8.400891551971435,0.958600081205368,19.977091464996338,,,,,,,,,2.609338957641395e-05,24009.8366189003,9.468888064
81250,8.11233136177063,0.9281185472011566,19.283223495483398,,,,,,,,,2.6010386831274332e-05,24023.91247701645,9.468888064
81300,9.542124166488648,1.034434689283371,20.708526649475097,,,,,,,,,2.5927578985153086e-05,24037.99027299881,9.468888064
81350,8.687176823616028,0.986159325838089,20.536859130859376,,,,,,,,,2.5844966242370368e-05,24052.080890893936,9.468888064
81400,8.298903932571411,0.9342111933231354,19.220359325408936,,,,,,,,,2.5762548806764873e-05,24066.156414985657,9.468888064
81450,9.022266912460328,0.9704286503791809,19.49175006866455,,,,,,,,,2.5680326881693437e-05,24080.230461359024,9.468888064
81500,9.025756130218506,0.9768601644039154,19.844340057373046,,,,,,,,,2.5598300670030432e-05,24094.355217933655,9.468888064
81550,8.803550963401795,0.9820353174209595,20.155230655670167,,,,,,,,,2.551647037416745e-05,24108.623193264008,9.468888064
81600,8.933940105438232,0.9967962849140167,20.321854705810548,,,,,,,,,2.5434836196012647e-05,24122.787892103195,9.468888064
81650,8.244512104988098,0.9355549323558807,19.377972354888914,,,,,,,,,2.535339833699015e-05,24137.169293165207,9.468888064
81700,9.086309771537781,0.9846785575151443,19.91893310546875,,,,,,,,,2.5272156998039845e-05,24151.33368039131,9.468888064
81750,7.5280556392669675,0.8924841117858887,19.02473752975464,,,,,,,,,2.519111237961654e-05,24165.531011104584,9.468888064
81800,8.49120970249176,0.941346138715744,19.194496784210205,,,,,,,,,2.5110264681689884e-05,24179.753304243088,9.468888064
81850,9.100735807418824,0.9789309108257294,19.627282676696776,,,,,,,,,2.5029614103743518e-05,24193.900525569916,9.468888064
81900,8.92089575767517,0.9715374994277954,19.509639472961425,,,,,,,,,2.4949160844774743e-05,24208.231465816498,9.468888064
81950,8.172472381591797,0.9211856627464294,18.970485610961916,,,,,,,,,2.4868905103293945e-05,24222.799800872803,9.468888064
82000,8.235402860641479,0.9256499814987182,19.142842750549317,0.9663611352443695,19.72435916662216,12.051361120939255,7.894848625659943,0.9663611352443695,19.72435916662216,4.315896981954575,62.77749164581299,2.478884707732418e-05,24248.05423974991,9.468888064
82050,8.99286066532135,0.9775747752189636,19.626946907043457,,,,,,,,,2.4708986964400718e-05,24262.779517412186,9.468888064
82100,8.806844425201415,0.9721140563488007,19.738655471801756,,,,,,,,,2.462932496157042e-05,24276.869995594025,9.468888064
82150,9.721694812774658,1.020689572095871,20.183099308013915,,,,,,,,,2.454986126539136e-05,24291.25806760788,9.468888064
82200,8.623400359153747,0.9647290253639221,19.751220836639405,,,,,,,,,2.4470596071932367e-05,24305.421268701553,9.468888064
82250,8.824267911911011,0.9709354341030121,19.93183603286743,,,,,,,,,2.439152957677233e-05,24319.680348157883,9.468888064
82300,8.766226425170899,0.9745989286899567,19.90148504257202,,,,,,,,,2.4312661975000017e-05,24334.15763282776,9.468888064
82350,9.316656637191773,1.0180869054794313,20.439774684906006,,,,,,,,,2.4233993461213376e-05,24348.62229704857,9.468888064
82400,8.556969013214111,0.9518481612205505,19.25742582321167,,,,,,,,,2.415552422951917e-05,24363.044872760773,9.468888064
82450,9.354077339172363,1.0137828558683395,20.3084393119812,,,,,,,,,2.4077254473532422e-05,24377.37754702568,9.468888064
82500,8.806268162727356,0.980734430551529,20.08357755661011,,,,,,,,,2.3999184386375988e-05,24391.869387626648,9.468888064
82550,8.297021112442017,0.95022416472435,19.60557855606079,,,,,,,,,2.3921314160680005e-05,24406.358716011047,9.468888064
82600,8.818504338264466,0.9561111974716187,19.315622787475586,,,,,,,,,2.3843643988581525e-05,24420.745827913284,9.468888064
82650,8.425244941711426,0.9367201662063599,19.230554180145262,,,,,,,,,2.3766174061724035e-05,24435.01859521866,9.468888064
82700,8.203679804801942,0.9456733024120331,19.553552169799804,,,,,,,,,2.3688904571256815e-05,24449.26366496086,9.468888064
82750,8.896657066345215,0.9481919860839844,19.15322874069214,,,,,,,,,2.3611835707834652e-05,24463.52951526642,9.468888064
82800,9.271393818855286,1.00661097407341,20.343477230072022,,,,,,,,,2.3534967661617314e-05,24477.72621154785,9.468888064
82850,8.17263144016266,0.9313598883152008,19.338256587982176,,,,,,,,,2.3458300622269067e-05,24492.039417266846,9.468888064
82900,7.769283690452576,0.9070024526119232,18.902679481506347,,,,,,,,,2.338183477895823e-05,24506.3175573349,9.468888064
82950,9.229097485542297,0.9905397820472718,19.690366706848145,,,,,,,,,2.3305570320356647e-05,24520.450400352478,9.468888064
83000,8.866741480827331,0.9747581553459167,19.90825397491455,0.9707602608203888,19.80929566383362,12.107651866674424,7.904842133522034,0.9707602608203888,19.80929566383362,4.330649219751358,62.87177541732788,2.322950743463931e-05,24546.015420913696,9.468888064
83050,8.09922658443451,0.9139944350719452,18.98077392578125,,,,,,,,,2.3153646309483813e-05,24560.82162475586,9.468888064
83100,8.58293436050415,0.9421544992923736,19.040678005218506,,,,,,,,,2.3077987132069922e-05,24575.094820976257,9.468888064
83150,8.714074521064758,0.9796939337253571,20.336795997619628,,,,,,,,,2.300253008907917e-05,24589.26717233658,9.468888064
83200,8.911936292648315,0.9736303615570069,19.492301273345948,,,,,,,,,2.292727536669431e-05,24603.5567817688,9.468888064
83250,8.249167146682739,0.9379744726419449,19.11461389541626,,,,,,,,,2.2852223150598854e-05,24617.83213019371,9.468888064
83300,9.793608727455139,1.0352713572978973,20.427244052886962,,,,,,,,,2.277737362597671e-05,24632.203572034836,9.468888064
83350,8.629991493225099,0.9615989899635315,19.665783729553223,,,,,,,,,2.270272697751161e-05,24646.571207523346,9.468888064
83400,8.591730070114135,0.9620558750629425,19.90550548553467,,,,,,,,,2.2628283389386777e-05,24660.856821775436,9.468888064
83450,8.295979814529419,0.9452400958538055,19.458740062713623,,,,,,,,,2.255404304528434e-05,24675.19985461235,9.468888064
83500,8.849479207992553,0.9650897210836411,19.607558135986327,,,,,,,,,2.2480006128385005e-05,24689.5934343338,9.468888064
83550,8.703205327987671,0.9429105508327484,19.0826416015625,,,,,,,,,2.240617282136744e-05,24703.94661974907,9.468888064
83600,9.516969108581543,1.0202788412570953,20.401660079956056,,,,,,,,,2.2332543306408054e-05,24718.32231450081,9.468888064
83650,8.727154150009156,0.9575965332984925,19.521091842651366,,,,,,,,,2.225911776518033e-05,24732.625314712524,9.468888064
83700,8.185974020957946,0.9320263504981995,19.394529247283934,,,,,,,,,2.2185896378854482e-05,24746.940992832184,9.468888064
83750,8.570635695457458,0.9370914506912231,19.027305088043214,,,,,,,,,2.2112879328097062e-05,24761.38950061798,9.468888064
83800,8.336996264457703,0.9429982423782348,19.248469982147217,,,,,,,,,2.2040066793070287e-05,24775.911314964294,9.468888064
83850,9.320269293785095,0.9934185063838958,20.037398357391357,,,,,,,,,2.196745895343191e-05,24790.41162109375,9.468888064
83900,8.978804774284363,0.9797028148174286,19.92965072631836,,,,,,,,,2.189505598833454e-05,24805.07064127922,9.468888064
83950,8.28486994743347,0.9467535889148713,19.365327892303466,,,,,,,,,2.182285807642529e-05,24819.618002176285,9.468888064
84000,8.880740251541138,1.0061297917366028,20.80380054473877,0.9696738103032112,19.75791424036026,12.105308042764664,7.8994527047872545,0.9696738103032112,19.75791424036026,4.324174607992172,62.65069185256958,2.1750865395845367e-05,24845.61737346649,9.468888064
84050,7.983404641151428,0.9266166365146637,19.500716152191163,,,,,,,,,2.167907812422949e-05,24861.06991791725,9.468888064
84100,7.776131963729858,0.9062772333621979,18.841469326019286,,,,,,,,,2.1607496438705674e-05,24875.309458494186,9.468888064
84150,9.069974002838135,0.9937890899181366,20.23435884475708,,,,,,,,,2.1536120515894602e-05,24889.64615535736,9.468888064
84200,9.085688209533691,0.9824261474609375,19.90216257095337,,,,,,,,,2.1464950531909222e-05,24904.056664943695,9.468888064
84250,9.324205403327943,1.008788551092148,20.2259175491333,,,,,,,,,2.139398666235447e-05,24918.445023059845,9.468888064
84300,8.905133957862853,0.9911170017719269,20.290120429992676,,,,,,,,,2.1323229082326556e-05,24932.789520025253,9.468888064
84350,9.094354219436646,0.9817756259441376,19.788169269561767,,,,,,,,,2.1252677966412854e-05,24947.069662570953,9.468888064
84400,9.386396951675415,0.9947458219528198,19.84602439880371,,,,,,,,,2.118233348869118e-05,24961.361163377762,9.468888064
84450,7.824848875999451,0.8959115207195282,18.49656358718872,,,,,,,,,2.111219582272955e-05,24975.66318488121,9.468888064
84500,8.806076188087463,0.9533409070968628,19.29587604522705,,,,,,,,,2.104226514158574e-05,24989.929996967316,9.468888064
84550,8.103686685562133,0.9318726122379303,19.240000400543213,,,,,,,,,2.0972541617806657e-05,25004.227732658386,9.468888064
84600,8.303639192581176,0.959740378856659,19.83262939453125,,,,,,,,,2.0903025423428214e-05,25018.481300354004,9.468888064
84650,8.593733506202698,0.9235839056968689,18.749507713317872,,,,,,,,,2.0833716729974716e-05,25032.841094970703,9.468888064
84700,8.492331171035767,0.9537275958061219,19.68512372970581,,,,,,,,,2.076461570845844e-05,25047.1955845356,9.468888064
84750,9.39801622390747,1.0197636961936951,20.405694751739503,,,,,,,,,2.0695722529379362e-05,25061.527172088623,9.468888064
84800,8.619969220161439,0.9722970986366272,19.72897747039795,,,,,,,,,2.062703736272445e-05,25075.75899863243,9.468888064
84850,8.901055765151977,0.9762237226963043,19.952553234100343,,,,,,,,,2.0558560377967637e-05,25090.241919755936,9.468888064
84900,8.879970264434814,0.9724133944511414,19.668782444000243,,,,,,,,,2.0490291744068982e-05,25104.80330681801,9.468888064
84950,8.086117739677428,0.9207742762565613,18.988607006072996,,,,,,,,,2.042223162947457e-05,25119.10470032692,9.468888064
85000,10.23174663066864,1.039437952041626,20.34974956512451,0.9714140729606151,19.848339800834655,12.19495033979416,7.931500247120857,0.9714140729606151,19.848339800834655,4.339130363464355,63.230551948547365,2.0354380202115995e-05,25145.019260168076,9.468888064
85050,7.9745187664031985,0.9052689969539642,18.67531536102295,,,,,,,,,2.0286737629409886e-05,25159.860424995422,9.468888064
85100,8.828283953666688,0.9898444497585297,20.090193672180177,,,,,,,,,2.0219304078257614e-05,25174.219457387924,9.468888064
85150,8.581365747451782,0.9967926728725434,20.462402286529542,,,,,,,,,2.0152079715044705e-05,25188.454712867737,9.468888064
85200,8.677528610229492,0.9678435945510864,19.767775592803954,,,,,,,,,2.0085064705640573e-05,25203.00881266594,9.468888064
85250,8.56116726398468,0.9281979787349701,18.998370399475096,,,,,,,,,2.001825921539818e-05,25217.659871339798,9.468888064
85300,7.9920380449295045,0.907927086353302,18.812506103515624,,,,,,,,,1.9951663409153363e-05,25232.169276714325,9.468888064
85350,8.24961112499237,0.9428366267681122,19.434549942016602,,,,,,,,,1.988527745122472e-05,25246.65457510948,9.468888064
85400,8.505377621650696,0.9276907110214233,18.636303691864015,,,,,,,,,1.981910150541295e-05,25261.002986192703,9.468888064
85450,8.671622829437256,0.9599411606788635,19.960813293457033,,,,,,,,,1.975313573500061e-05,25275.36941742897,9.468888064
85500,7.774114513397217,0.8847043752670288,18.1338663482666,,,,,,,,,1.968738030275173e-05,25289.598612308502,9.468888064
85550,9.176154775619507,0.9863618195056916,19.885605812072754,,,,,,,,,1.9621835370911253e-05,25304.07476425171,9.468888064
85600,9.707827434539794,1.0137410151958466,19.986175575256347,,,,,,,,,1.9556501101204832e-05,25318.297721147537,9.468888064
85650,9.270668988227845,0.9969884514808655,19.794256477355958,,,,,,,,,1.9491377654838225e-05,25332.519623994827,9.468888064
85700,8.720601382255554,0.9642794001102447,19.727164649963377,,,,,,,,,1.9426465192497093e-05,25346.869983434677,9.468888064
85750,8.723440041542053,0.9767759358882904,19.99585775375366,,,,,,,,,1.9361763874346508e-05,25361.49776649475,9.468888064
85800,9.082875590324402,1.000542004108429,20.376916542053223,,,,,,,,,1.92972738600305e-05,25376.00782775879,9.468888064
85850,8.713274536132813,0.9778537613153457,20.11592628479004,,,,,,,,,1.9232995308671793e-05,25390.36039829254,9.468888064
85900,9.000089917182923,0.9772581315040588,19.942289447784425,,,,,,,,,1.9168928378871307e-05,25404.602029800415,9.468888064
85950,8.032956070899964,0.9093494760990143,18.800274600982664,,,,,,,,,1.910507322870786e-05,25418.91504096985,9.468888064
86000,8.076065526008605,0.913746063709259,18.736810417175292,0.9684018345177173,19.72986243247986,12.058058677911758,7.880548115968704,0.9684018345177173,19.72986243247986,4.340350278615952,62.797233219146726,1.904143001573766e-05,25444.651269197464,9.468888064
86050,8.713330512046815,0.9630219018459321,19.532344627380372,,,,,,,,,1.8977998896993964e-05,25459.538974285126,9.468888064
86100,9.63506989479065,1.0190356481075287,20.242793731689453,,,,,,,,,1.8914780028986832e-05,25473.912573337555,9.468888064
86150,9.693089780807496,1.0224720871448516,20.419903564453126,,,,,,,,,1.8851773567702468e-05,25488.237809419632,9.468888064
86200,9.521567401885987,1.0102545952796935,19.83986822128296,,,,,,,,,1.878897966860312e-05,25502.462804079056,9.468888064
86250,8.915864815711975,0.9603774583339691,19.462145977020263,,,,,,,,,1.872639848662645e-05,25516.825953245163,9.468888064
86300,8.28387059688568,0.945527218580246,19.50762315750122,,,,,,,,,1.866403017618527e-05,25531.510945796967,9.468888064
86350,8.828925852775575,0.9715565514564514,19.616214809417723,,,,,,,,,1.8601874891167258e-05,25546.24544429779,9.468888064
86400,9.49777494430542,1.002107892036438,20.033416633605956,,,,,,,,,1.8539932784934342e-05,25560.607076883316,9.468888064
86450,8.415970859527588,0.9546887814998627,19.929833946228026,,,,,,,,,1.8478204010322577e-05,25575.00821352005,9.468888064
86500,8.397421140670776,0.9451422357559204,19.137318859100343,,,,,,,,,1.8416688719641513e-05,25589.40408706665,9.468888064
86550,8.049544892311097,0.9050092279911042,18.584417743682863,,,,,,,,,1.8355387064674037e-05,25603.634281158447,9.468888064
86600,8.36281982898712,0.9278322446346283,19.02111213684082,,,,,,,,,1.8294299196675896e-05,25617.980132341385,9.468888064
86650,8.256585464477538,0.9294196033477783,19.104941806793214,,,,,,,,,1.8233425266375323e-05,25632.088711500168,9.468888064
86700,8.336370573043823,0.9201309871673584,18.83603925704956,,,,,,,,,1.8172765423972727e-05,25646.18112039566,9.468888064
86750,7.720023174285888,0.9045451283454895,19.12958797454834,,,,,,,,,1.8112319819140184e-05,25660.280072927475,9.468888064
86800,8.973678956031799,0.9828361916542053,19.762019901275636,,,,,,,,,1.805208860102123e-05,25674.38202214241,9.468888064
86850,8.409162802696228,0.9490899395942688,19.653149604797363,,,,,,,,,1.7992071918230428e-05,25688.491766691208,9.468888064
86900,8.952097816467285,0.9978865587711334,20.228668155670167,,,,,,,,,1.7932269918852945e-05,25702.601083517075,9.468888064
86950,8.87099859714508,0.984167433977127,19.966599617004395,,,,,,,,,1.787268275044432e-05,25716.909029483795,9.468888064
87000,10.068222246170045,1.0508153057098388,20.710318870544434,0.9726120369136333,19.862406463623046,12.20255942940712,7.95728963971138,0.9726120369136333,19.862406463623046,4.366037180423737,63.57885536193848,1.7813310560029943e-05,25742.829145908356,9.468888064
87050,8.231821117401124,0.9371305143833161,19.436582412719726,,,,,,,,,1.7754153494104755e-05,25757.71522116661,9.468888064
87100,8.199082403182983,0.9255406558513641,18.9110778427124,,,,,,,,,1.7695211698632995e-05,25771.97146964073,9.468888064
87150,8.482434129714965,0.9434143769741058,19.338773460388182,,,,,,,,,1.7636485319047616e-05,25786.30655145645,9.468888064
87200,8.760059762001038,0.9769629454612732,19.884960918426515,,,,,,,,,1.7577974500250207e-05,25800.730349302292,9.468888064
87250,8.396969404220581,0.9292825084924697,18.79896245956421,,,,,,,,,1.7519679386610357e-05,25814.977718114853,9.468888064
87300,7.9761999988555905,0.9315332889556884,19.902390480041504,,,,,,,,,1.7461600121965432e-05,25829.20969223976,9.468888064
87350,8.25800576210022,0.9378349173069,19.432596683502197,,,,,,,,,1.740373684962027e-05,25843.446513414383,9.468888064
87400,8.630918741226196,0.9529303061962128,19.57398286819458,,,,,,,,,1.7346089712346723e-05,25857.713464021683,9.468888064
87450,9.128304677009583,0.9802423167228699,19.86188756942749,,,,,,,,,1.7288658852383432e-05,25871.946851491928,9.468888064
87500,9.074269537925721,0.9654035532474518,19.496134414672852,,,,,,,,,1.72314444114353e-05,25886.212475538254,9.468888064
87550,8.678813767433166,0.9613754308223724,19.60250461578369,,,,,,,,,1.7174446530673235e-05,25900.445405721664,9.468888064
87600,9.66012433052063,1.010232367515564,19.869056987762452,,,,,,,,,1.7117665350733892e-05,25914.677129983902,9.468888064
87650,8.43061029434204,0.9670361065864563,19.958313007354736,,,,,,,,,1.7061101011719163e-05,25928.964516162872,9.468888064
87700,9.407234749794007,1.0153083825111389,20.14125785827637,,,,,,,,,1.700475365319595e-05,25943.266377449036,9.468888064
87750,8.738943176269531,0.9367832517623902,18.90982057571411,,,,,,,,,1.6948623414195762e-05,25957.500702619553,9.468888064
87800,8.283823223114014,0.9551330292224884,19.558424911499024,,,,,,,,,1.689271043321434e-05,25971.72367978096,9.468888064
87850,8.238000655174256,0.9377119386196137,19.31517541885376,,,,,,,,,1.683701484821146e-05,25985.99170589447,9.468888064
87900,8.934172048568726,0.9751644480228424,19.54973747253418,,,,,,,,,1.6781536796610398e-05,26000.23243880272,9.468888064
87950,8.989676604270935,0.9834215021133423,19.905558471679687,,,,,,,,,1.6726276415297768e-05,26014.48556828499,9.468888064
88000,9.001591629981995,1.0013614547252656,20.340163288116454,0.9719091886281968,19.851124970912934,12.232114673852921,7.968772391080856,0.9719091886281968,19.851124970912934,4.34505786061287,63.28227087020874,1.6671233840623053e-05,26040.55152106285,9.468888064
88050,8.189560546875,0.8913873159885406,18.1178528213501,,,,,,,,,1.6616409208398318e-05,26055.59543991089,9.468888064
88100,8.956282787322998,0.9785273241996765,19.750288982391357,,,,,,,,,1.6561802653897943e-05,26069.701499700546,9.468888064
88150,8.376321482658387,0.9334492146968841,19.039148120880128,,,,,,,,,1.650741431185808e-05,26083.788353919983,9.468888064
88200,8.341024022102356,0.9389416301250457,19.416233196258545,,,,,,,,,1.6453244316476653e-05,26097.870051145554,9.468888064
88250,8.98705909729004,0.9697604739665985,19.688429870605468,,,,,,,,,1.6399292801412683e-05,26112.103999614716,9.468888064
88300,8.162864212989808,0.9308253943920135,19.24014083862305,,,,,,,,,1.6345559899786226e-05,26126.200326919556,9.468888064
88350,9.232170867919923,1.00125603556633,20.032074012756347,,,,,,,,,1.6292045744177844e-05,26140.30885195732,9.468888064
88400,9.007158308029174,0.9627726233005524,19.40528366088867,,,,,,,,,1.6238750466628344e-05,26154.392323732376,9.468888064
88450,8.538353700637817,0.9318507075309753,18.811275329589844,,,,,,,,,1.6185674198638603e-05,26168.477086544037,9.468888064
88500,8.857897219657898,0.9708129012584686,19.87351692199707,,,,,,,,,1.613281707116899e-05,26182.5626039505,9.468888064
88550,9.74830955505371,0.9952841484546662,19.551601009368895,,,,,,,,,1.6080179214639224e-05,26196.645458698273,9.468888064
88600,8.712322158813476,0.969511661529541,19.771665534973145,,,,,,,,,1.602776075892802e-05,26210.93441915512,9.468888064
88650,8.521395301818847,0.9459592062234878,19.287121505737304,,,,,,,,,1.5975561833372644e-05,26225.10416316986,9.468888064
88700,8.334258189201355,0.9550955516099929,19.504909191131592,,,,,,,,,1.5923582566768788e-05,26239.23407483101,9.468888064
88750,9.344002060890197,0.9909558403491974,19.766860046386718,,,,,,,,,1.587182308737011e-05,26253.39283323288,9.468888064
88800,8.455888662338257,0.9406125605106354,19.255759887695312,,,,,,,,,1.582028352288801e-05,26267.48197197914,9.468888064
88850,8.010063962936401,0.9279193699359893,19.308158473968504,,,,,,,,,1.576896400049123e-05,26281.57616686821,9.468888064
88900,9.244431080818176,0.9884962797164917,19.784246673583983,,,,,,,,,1.571786464680557e-05,26295.672390460968,9.468888064
88950,9.260494031906127,0.9964879113435745,19.96504301071167,,,,,,,,,1.566698558791364e-05,26309.768830299377,9.468888064
89000,8.264459867477417,0.9556443274021149,19.60713094711304,0.9634784130752087,19.675950081348418,12.041910806894302,7.875793437361717,0.9634784130752087,19.675950081348418,4.36948297381401,63.30856519699097,1.5616326949354405e-05,26335.038586854935,9.468888064
